年月日,平均気温(℃),最高気温(℃),最低気温(℃)
2000/1/1,6.2,11.3,2.3
2000/1/2,3.4,9.3,-1.2
2000/1/3,7.0,12.3,2.8
2000/1/4,7.8,12.1,5.3
2000/1/5,6.2,11.1,2.2
2000/1/6,7.4,9.5,4.6
2000/1/7,10.6,16.7,7.0
2000/1/8,6.8,11.4,4.0
2000/1/9,7.4,12.0,1.7
2000/1/10,9.0,16.5,5.3
2000/1/11,5.2,9.2,2.6
2000/1/12,2.4,6.5,0.8
2000/1/13,7.5,12.9,1.2
2000/1/14,10.0,14.6,7.0
2000/1/15,7.3,13.1,2.5
2000/1/16,3.9,7.3,0.5
2000/1/17,4.2,5.3,2.9
2000/1/18,6.1,11.6,2.4
2000/1/19,4.5,7.4,2.2
2000/1/20,5.7,11.9,1.1
2000/1/21,1.0,5.4,-1.6
2000/1/22,2.2,7.8,-2.1
2000/1/23,3.1,7.5,-1.2
2000/1/24,6.8,10.7,1.4
2000/1/25,2.5,5.9,-2.0
2000/1/26,1.2,7.0,-3.3
2000/1/27,0.4,6.8,-4.2
2000/1/28,1.6,8.5,-4.8
2000/1/29,3.7,10.2,-2.2
2000/1/30,6.4,15.0,0.0
2000/1/31,3.2,7.6,-0.8
2000/2/1,2.0,7.7,-3.8
2000/2/2,4.0,11.4,-1.8
2000/2/3,5.4,12.6,-0.4
2000/2/4,3.9,10.2,-0.2
2000/2/5,4.3,12.1,-1.7
2000/2/6,4.9,9.6,1.0
2000/2/7,7.1,12.1,3.8
2000/2/8,5.8,12.6,1.3
2000/2/9,2.0,7.3,-1.7
2000/2/10,2.5,8.9,-2.5
2000/2/11,3.9,12.7,-3.6
2000/2/12,6.3,13.0,0.4
2000/2/13,5.3,9.7,2.0
2000/2/14,4.2,8.9,1.3
2000/2/15,2.3,6.5,-1.4
2000/2/16,0.1,5.8,-3.6
2000/2/17,1.4,8.1,-4.2
2000/2/18,1.4,7.9,-3.5
2000/2/19,2.9,8.6,-2.8
2000/2/20,4.5,11.5,1.3
2000/2/21,2.5,7.8,-1.0
2000/2/22,1.5,6.9,-3.0
2000/2/23,2.5,7.6,-1.9
2000/2/24,2.2,8.9,-1.7
2000/2/25,0.5,5.9,-3.8
2000/2/26,0.9,5.6,-3.6
2000/2/27,3.0,11.0,-2.9
2000/2/28,3.2,13.8,-2.9
2000/2/29,1.4,7.7,-1.9
2000/3/1,2.2,8.6,-4.0
2000/3/2,5.7,15.6,-2.7
2000/3/3,8.5,16.7,0.4
2000/3/4,7.8,12.9,4.0
2000/3/5,10.4,14.4,7.2
2000/3/6,5.0,7.4,1.4
2000/3/7,6.7,16.9,0.7
2000/3/8,4.4,11.5,-0.6
2000/3/9,1.5,8.6,-2.1
2000/3/10,2.6,8.5,-2.3
2000/3/11,5.0,10.9,-1.3
2000/3/12,7.0,13.1,2.4
2000/3/13,5.2,14.8,-0.5
2000/3/14,4.6,11.0,-1.1
2000/3/15,6.6,12.7,0.1
2000/3/16,4.3,8.0,1.6
2000/3/17,5.7,10.8,0.5
2000/3/18,7.7,16.6,-1.2
2000/3/19,10.5,18.3,3.9
2000/3/20,7.2,11.3,2.9
2000/3/21,6.5,11.6,1.3
2000/3/22,6.5,12.1,2.3
2000/3/23,6.3,11.3,-0.1
2000/3/24,8.1,13.6,2.5
2000/3/25,6.1,12.7,0.7
2000/3/26,4.9,12.4,0.3
2000/3/27,8.4,17.1,-0.9
2000/3/28,10.3,13.8,4.9
2000/3/29,14.2,22.0,8.5
2000/3/30,10.8,15.8,7.0
2000/3/31,10.6,16.9,3.3
2000/4/1,10.5,15.1,6.3
2000/4/2,10.0,15.1,5.3
2000/4/3,8.8,13.8,4.7
2000/4/4,10.5,16.1,4.2
2000/4/5,10.8,14.4,8.6
2000/4/6,11.3,15.2,7.5
2000/4/7,12.5,17.9,7.0
2000/4/8,11.8,17.2,7.4
2000/4/9,11.8,17.9,2.8
2000/4/10,13.9,17.0,11.2
2000/4/11,10.5,16.3,5.1
2000/4/12,12.4,22.9,2.8
2000/4/13,15.3,22.1,9.1
2000/4/14,15.8,24.6,10.8
2000/4/15,9.9,13.6,7.8
2000/4/16,9.5,15.3,6.0
2000/4/17,10.4,17.3,3.3
2000/4/18,13.2,20.7,5.3
2000/4/19,15.7,22.8,9.2
2000/4/20,11.2,13.7,9.6
2000/4/21,12.8,14.7,11.5
2000/4/22,18.1,24.8,11.9
2000/4/23,14.6,23.5,9.5
2000/4/24,12.3,21.7,6.6
2000/4/25,14.4,24.1,5.3
2000/4/26,12.5,16.1,10.8
2000/4/27,14.5,23.5,10.7
2000/4/28,12.7,18.2,8.5
2000/4/29,14.2,20.1,8.3
2000/4/30,15.0,20.8,8.4
2000/5/1,18.3,24.5,12.0
2000/5/2,17.4,22.0,14.2
2000/5/3,16.2,23.9,11.8
2000/5/4,15.8,23.9,9.9
2000/5/5,17.2,26.2,8.9
2000/5/6,14.7,18.3,10.7
2000/5/7,17.9,21.5,13.6
2000/5/8,19.5,25.6,14.1
2000/5/9,20.9,29.8,14.7
2000/5/10,18.0,23.9,13.7
2000/5/11,16.8,21.6,13.4
2000/5/12,18.4,23.6,15.5
2000/5/13,19.0,22.0,17.0
2000/5/14,18.3,23.6,15.2
2000/5/15,17.8,25.1,13.4
2000/5/16,19.1,26.8,13.0
2000/5/17,16.5,22.3,12.9
2000/5/18,16.5,22.1,13.0
2000/5/19,17.2,20.1,14.1
2000/5/20,14.7,16.1,13.5
2000/5/21,16.2,21.9,13.3
2000/5/22,19.7,25.6,12.9
2000/5/23,21.9,27.9,16.0
2000/5/24,20.8,27.0,16.4
2000/5/25,21.0,27.3,14.7
2000/5/26,22.2,29.7,14.9
2000/5/27,21.3,26.0,17.4
2000/5/28,22.8,29.5,18.6
2000/5/29,22.7,27.8,17.6
2000/5/30,23.2,31.2,15.4
2000/5/31,18.8,21.6,16.7
2000/6/1,21.7,28.5,15.9
2000/6/2,22.6,29.2,15.4
2000/6/3,20.3,26.2,17.0
2000/6/4,20.4,26.1,14.9
2000/6/5,20.0,26.3,12.2
2000/6/6,22.6,28.5,18.3
2000/6/7,25.2,33.1,17.2
2000/6/8,24.7,31.4,19.3
2000/6/9,21.6,24.4,18.0
2000/6/10,17.8,19.2,16.7
2000/6/11,17.8,19.5,16.4
2000/6/12,18.1,20.7,16.4
2000/6/13,18.1,21.3,16.1
2000/6/14,18.4,20.5,16.7
2000/6/15,22.0,28.2,14.5
2000/6/16,25.2,32.2,17.9
2000/6/17,21.7,24.5,18.6
2000/6/18,24.3,30.8,17.4
2000/6/19,25.9,31.7,20.0
2000/6/20,26.0,31.6,20.5
2000/6/21,25.4,30.4,21.6
2000/6/22,25.2,30.5,21.3
2000/6/23,18.9,22.4,17.3
2000/6/24,19.1,20.5,18.0
2000/6/25,18.3,19.8,17.5
2000/6/26,19.7,22.7,16.9
2000/6/27,19.8,20.8,18.8
2000/6/28,21.6,23.5,19.3
2000/6/29,24.7,29.3,18.8
2000/6/30,26.9,30.5,23.1
2000/7/1,27.4,35.4,24.1
2000/7/2,26.2,33.2,21.9
2000/7/3,27.3,33.6,21.9
2000/7/4,24.2,31.5,19.3
2000/7/5,23.7,28.9,18.4
2000/7/6,23.4,27.3,20.8
2000/7/7,23.3,26.5,20.4
2000/7/8,22.5,28.7,19.4
2000/7/9,25.4,33.1,19.1
2000/7/10,26.1,32.5,20.2
2000/7/11,26.9,33.8,18.9
2000/7/12,27.7,32.7,23.4
2000/7/13,28.9,33.4,25.1
2000/7/14,28.1,33.7,23.4
2000/7/15,26.8,30.1,23.3
2000/7/16,29.6,36.4,23.6
2000/7/17,28.5,35.5,23.4
2000/7/18,26.7,33.4,23.0
2000/7/19,26.6,32.8,21.7
2000/7/20,27.6,32.8,22.5
2000/7/21,27.8,33.1,23.8
2000/7/22,30.1,37.0,23.7
2000/7/23,30.8,36.7,24.9
2000/7/24,30.7,35.8,25.9
2000/7/25,25.2,28.3,21.7
2000/7/26,22.6,25.4,21.1
2000/7/27,24.6,28.9,20.2
2000/7/28,24.1,27.5,21.6
2000/7/29,27.4,32.6,21.9
2000/7/30,28.8,33.7,24.4
2000/7/31,29.6,35.6,23.6
2000/8/1,30.1,36.0,24.3
2000/8/2,27.7,32.6,24.1
2000/8/3,28.8,35.0,23.0
2000/8/4,27.4,34.3,24.0
2000/8/5,26.8,34.0,23.3
2000/8/6,27.4,33.4,22.1
2000/8/7,26.1,32.3,23.1
2000/8/8,27.3,34.1,22.1
2000/8/9,25.1,31.0,21.0
2000/8/10,26.2,32.7,20.9
2000/8/11,28.9,35.9,22.1
2000/8/12,28.6,34.4,24.9
2000/8/13,25.2,26.6,24.0
2000/8/14,27.4,34.3,22.0
2000/8/15,26.8,31.0,23.2
2000/8/16,26.2,32.5,23.1
2000/8/17,26.4,31.0,22.3
2000/8/18,25.6,29.0,23.2
2000/8/19,25.2,29.6,22.5
2000/8/20,24.9,27.8,22.8
2000/8/21,27.6,32.5,22.8
2000/8/22,29.2,34.0,26.1
2000/8/23,28.6,34.0,23.4
2000/8/24,27.2,31.8,23.2
2000/8/25,28.4,33.6,23.5
2000/8/26,28.3,33.8,23.8
2000/8/27,28.3,33.5,24.6
2000/8/28,28.1,32.8,24.8
2000/8/29,28.1,34.2,23.3
2000/8/30,27.0,31.9,22.9
2000/8/31,27.1,30.8,24.0
2000/9/1,28.0,32.5,24.8
2000/9/2,30.3,38.0,25.6
2000/9/3,26.8,31.9,22.0
2000/9/4,21.0,24.5,18.7
2000/9/5,19.4,21.1,17.8
2000/9/6,22.6,27.0,18.6
2000/9/7,24.0,26.0,22.4
2000/9/8,26.5,31.8,21.7
2000/9/9,26.3,30.9,23.7
2000/9/10,26.9,32.1,22.1
2000/9/11,21.7,23.4,20.8
2000/9/12,23.6,26.9,21.4
2000/9/13,23.6,24.5,22.3
2000/9/14,24.1,28.1,21.7
2000/9/15,26.4,31.0,23.1
2000/9/16,25.5,29.2,23.7
2000/9/17,24.4,27.8,19.9
2000/9/18,24.4,29.4,20.3
2000/9/19,24.1,28.8,20.8
2000/9/20,23.8,29.2,19.2
2000/9/21,22.7,29.1,18.0
2000/9/22,23.2,28.2,17.7
2000/9/23,20.5,22.7,18.3
2000/9/24,21.9,27.3,19.3
2000/9/25,22.9,28.8,17.9
2000/9/26,20.8,26.9,15.7
2000/9/27,18.8,24.6,13.6
2000/9/28,18.0,24.1,14.2
2000/9/29,18.1,22.1,13.9
2000/9/30,19.0,24.4,14.2
2000/10/1,20.3,25.6,16.9
2000/10/2,18.3,20.7,16.8
2000/10/3,19.8,27.6,16.3
2000/10/4,20.4,25.2,16.5
2000/10/5,19.7,23.2,17.3
2000/10/6,19.6,24.3,15.7
2000/10/7,18.7,25.9,13.1
2000/10/8,16.3,20.1,12.3
2000/10/9,16.5,18.6,15.3
2000/10/10,19.9,24.9,15.2
2000/10/11,20.9,25.6,16.8
2000/10/12,21.3,28.6,17.1
2000/10/13,15.9,18.6,14.3
2000/10/14,18.2,23.9,13.2
2000/10/15,17.2,20.7,14.4
2000/10/16,16.6,20.8,11.9
2000/10/17,16.3,17.9,14.6
2000/10/18,15.0,18.5,9.0
2000/10/19,13.0,19.1,6.4
2000/10/20,13.5,14.4,12.4
2000/10/21,18.6,25.3,13.3
2000/10/22,15.2,18.3,13.0
2000/10/23,15.1,16.2,14.1
2000/10/24,17.8,22.5,13.6
2000/10/25,16.4,19.1,14.5
2000/10/26,17.2,23.0,12.9
2000/10/27,14.1,20.5,9.1
2000/10/28,10.9,14.4,6.6
2000/10/29,11.0,12.0,10.3
2000/10/30,12.3,18.8,7.9
2000/10/31,11.2,16.2,6.2
2000/11/1,13.0,14.2,11.3
2000/11/2,14.3,15.2,13.4
2000/11/3,13.8,15.7,10.9
2000/11/4,12.8,18.0,8.8
2000/11/5,14.1,20.8,9.0
2000/11/6,14.9,19.1,10.2
2000/11/7,15.1,20.6,10.9
2000/11/8,13.8,19.6,9.9
2000/11/9,9.7,12.5,7.4
2000/11/10,9.5,14.5,6.2
2000/11/11,10.7,16.3,6.7
2000/11/12,10.1,14.4,7.4
2000/11/13,12.1,15.8,9.5
2000/11/14,11.5,14.2,9.0
2000/11/15,13.5,18.6,9.3
2000/11/16,10.9,13.4,8.5
2000/11/17,8.9,10.1,7.6
2000/11/18,11.6,18.6,7.3
2000/11/19,8.4,14.0,4.8
2000/11/20,7.5,9.2,5.7
2000/11/21,12.9,17.2,9.2
2000/11/22,8.3,12.2,3.9
2000/11/23,6.7,12.0,2.0
2000/11/24,9.4,16.3,4.1
2000/11/25,9.9,15.8,5.1
2000/11/26,11.3,17.8,6.7
2000/11/27,11.1,17.2,7.8
2000/11/28,7.1,12.3,2.5
2000/11/29,4.6,10.0,0.0
2000/11/30,7.7,13.1,2.4
2000/12/1,6.3,11.8,2.5
2000/12/2,5.1,10.4,0.1
2000/12/3,7.0,11.5,2.4
2000/12/4,6.2,10.2,1.4
2000/12/5,6.4,14.8,0.0
2000/12/6,7.3,13.3,3.7
2000/12/7,4.3,10.3,0.3
2000/12/8,5.1,11.6,0.0
2000/12/9,8.8,17.5,2.4
2000/12/10,9.5,14.5,4.0
2000/12/11,7.6,14.8,0.7
2000/12/12,3.4,10.5,-0.9
2000/12/13,4.9,12.0,-0.2
2000/12/14,4.7,9.5,1.1
2000/12/15,6.2,13.3,0.7
2000/12/16,8.1,17.8,2.3
2000/12/17,6.4,9.6,2.3
2000/12/18,7.1,10.6,2.0
2000/12/19,11.2,20.5,6.4
2000/12/20,6.8,9.4,3.0
2000/12/21,8.7,13.4,4.1
2000/12/22,5.6,10.1,2.9
2000/12/23,5.3,11.0,0.7
2000/12/24,6.7,10.6,2.5
2000/12/25,3.0,7.0,0.2
2000/12/26,1.7,7.8,-1.6
2000/12/27,2.3,8.3,-2.7
2000/12/28,3.4,9.1,-1.3
2000/12/29,3.4,8.0,-0.1
2000/12/30,2.4,8.3,-2.1
2000/12/31,6.4,10.6,1.5
2001/1/1,4.8,9.7,0.0
2001/1/2,4.5,12.5,-2.0
2001/1/3,4.9,10.6,1.0
2001/1/4,2.2,7.9,-2.4
2001/1/5,1.6,8.9,-3.3
2001/1/6,1.7,6.6,-1.7
2001/1/7,0.7,4.7,-3.6
2001/1/8,1.9,6.4,-0.9
2001/1/9,1.5,3.8,-1.8
2001/1/10,5.7,11.2,1.0
2001/1/11,4.4,9.8,-0.6
2001/1/12,3.2,8.3,-0.2
2001/1/13,0.9,4.5,-1.2
2001/1/14,-0.6,4.3,-4.4
2001/1/15,-1.7,4.4,-6.3
2001/1/16,-0.7,5.7,-6.1
2001/1/17,-0.4,5.4,-5.1
2001/1/18,0.5,8.3,-5.3
2001/1/19,1.6,5.5,-0.8
2001/1/20,0.3,4.6,-3.4
2001/1/21,3.2,9.1,-0.7
2001/1/22,2.8,7.6,-1.9
2001/1/23,2.2,10.3,-2.0
2001/1/24,2.2,8.3,-2.2
2001/1/25,2.5,6.5,-1.9
2001/1/26,4.9,7.6,2.5
2001/1/27,0.5,2.6,-0.4
2001/1/28,3.5,9.0,-0.4
2001/1/29,2.3,6.7,-1.3
2001/1/30,2.2,9.7,-3.7
2001/1/31,2.9,5.9,-0.9
2001/2/1,3.4,6.2,1.0
2001/2/2,3.1,8.4,-1.0
2001/2/3,2.1,9.6,-4.2
2001/2/4,2.2,6.3,-1.2
2001/2/5,3.7,10.5,-1.8
2001/2/6,6.1,12.7,0.9
2001/2/7,2.2,3.8,0.4
2001/2/8,3.0,8.7,-0.8
2001/2/9,1.5,6.6,-2.9
2001/2/10,4.0,12.4,-1.1
2001/2/11,3.4,11.2,-1.6
2001/2/12,1.4,6.0,-1.2
2001/2/13,2.7,8.0,-2.3
2001/2/14,1.9,6.1,-1.6
2001/2/15,1.6,8.5,-4.8
2001/2/16,1.8,8.9,-2.6
2001/2/17,2.5,9.5,-3.6
2001/2/18,5.7,12.1,-0.7
2001/2/19,6.9,14.6,2.4
2001/2/20,4.9,11.2,0.7
2001/2/21,6.7,13.2,-0.8
2001/2/22,11.8,18.6,6.6
2001/2/23,10.5,17.6,3.6
2001/2/24,5.3,8.1,2.9
2001/2/25,3.4,7.7,0.1
2001/2/26,2.4,8.1,-2.3
2001/2/27,5.7,14.4,-1.6
2001/2/28,7.3,12.9,2.6
2001/3/1,6.5,10.3,3.3
2001/3/2,4.5,9.1,1.6
2001/3/3,4.8,8.6,-1.0
2001/3/4,4.7,9.7,2.9
2001/3/5,4.7,9.7,0.5
2001/3/6,7.9,15.5,0.3
2001/3/7,6.6,13.7,1.6
2001/3/8,3.1,9.6,-0.5
2001/3/9,2.3,8.8,-2.2
2001/3/10,3.4,9.3,-2.2
2001/3/11,2.6,7.6,-1.5
2001/3/12,3.7,9.2,-1.4
2001/3/13,2.5,8.1,-2.0
2001/3/14,5.4,12.6,-1.5
2001/3/15,8.3,16.4,2.7
2001/3/16,7.8,14.9,1.7
2001/3/17,6.9,11.1,2.1
2001/3/18,11.1,16.5,5.8
2001/3/19,11.7,20.1,3.5
2001/3/20,12.5,19.9,5.7
2001/3/21,14.0,21.3,7.4
2001/3/22,13.1,18.7,7.7
2001/3/23,13.2,20.3,9.1
2001/3/24,13.8,20.4,7.0
2001/3/25,13.5,17.6,9.8
2001/3/26,11.0,14.6,6.5
2001/3/27,9.1,17.0,2.9
2001/3/28,9.6,14.5,5.3
2001/3/29,6.9,9.8,4.1
2001/3/30,6.7,12.0,2.8
2001/3/31,2.5,4.5,0.7
2001/4/1,5.4,12.0,-0.6
2001/4/2,8.8,15.7,1.7
2001/4/3,9.9,20.5,5.3
2001/4/4,8.1,13.9,3.6
2001/4/5,10.6,18.2,2.4
2001/4/6,14.5,21.2,7.9
2001/4/7,16.1,22.4,11.9
2001/4/8,15.3,20.0,12.0
2001/4/9,17.3,22.6,12.0
2001/4/10,17.8,23.7,12.5
2001/4/11,18.4,25.1,11.7
2001/4/12,14.3,19.7,9.8
2001/4/13,13.5,21.2,7.0
2001/4/14,14.4,20.5,7.1
2001/4/15,15.8,23.1,9.1
2001/4/16,16.0,24.0,7.8
2001/4/17,17.8,25.1,11.3
2001/4/18,17.1,23.0,11.6
2001/4/19,17.9,23.7,14.3
2001/4/20,16.5,21.6,11.6
2001/4/21,9.4,11.8,8.2
2001/4/22,11.6,18.8,7.3
2001/4/23,13.0,21.4,3.4
2001/4/24,14.5,19.5,9.3
2001/4/25,12.1,14.0,10.4
2001/4/26,12.9,19.3,6.7
2001/4/27,14.5,22.5,6.0
2001/4/28,17.7,25.6,10.1
2001/4/29,18.0,23.4,13.1
2001/4/30,15.5,19.3,13.2
2001/5/1,11.2,14.1,8.1
2001/5/2,10.3,11.3,9.5
2001/5/3,11.6,14.0,9.6
2001/5/4,14.4,20.3,10.3
2001/5/5,15.9,20.1,11.7
2001/5/6,18.3,24.6,12.0
2001/5/7,19.9,27.3,13.1
2001/5/8,17.3,20.8,14.1
2001/5/9,19.3,22.5,16.1
2001/5/10,19.3,25.0,14.7
2001/5/11,18.1,25.1,12.4
2001/5/12,18.8,26.8,9.8
2001/5/13,20.2,28.1,12.9
2001/5/14,21.3,28.4,13.8
2001/5/15,21.7,28.7,15.5
2001/5/16,20.2,25.7,15.5
2001/5/17,20.0,27.4,13.9
2001/5/18,20.0,27.2,12.5
2001/5/19,20.1,28.7,15.3
2001/5/20,23.0,30.7,14.7
2001/5/21,24.0,31.6,18.4
2001/5/22,20.1,22.4,18.4
2001/5/23,18.1,18.8,17.6
2001/5/24,18.9,21.8,17.3
2001/5/25,22.5,28.2,16.0
2001/5/26,22.4,26.8,17.1
2001/5/27,20.6,24.1,15.7
2001/5/28,20.8,27.3,14.3
2001/5/29,20.7,26.5,17.7
2001/5/30,20.5,25.1,17.3
2001/5/31,20.8,26.1,16.9
2001/6/1,22.4,29.0,16.8
2001/6/2,21.0,28.2,16.0
2001/6/3,22.2,29.9,13.1
2001/6/4,25.5,33.9,16.9
2001/6/5,22.7,27.3,18.8
2001/6/6,18.4,19.7,17.2
2001/6/7,21.9,29.3,16.5
2001/6/8,21.4,25.3,17.9
2001/6/9,22.4,27.3,19.0
2001/6/10,19.2,24.8,15.9
2001/6/11,22.0,28.1,15.7
2001/6/12,18.5,21.0,14.7
2001/6/13,20.1,24.1,16.6
2001/6/14,18.0,19.2,16.6
2001/6/15,17.4,18.5,16.6
2001/6/16,19.7,23.6,16.1
2001/6/17,22.6,27.7,17.1
2001/6/18,25.2,31.0,19.7
2001/6/19,22.8,25.4,21.3
2001/6/20,23.2,27.9,20.7
2001/6/21,17.8,20.8,17.0
2001/6/22,20.6,24.0,17.1
2001/6/23,23.1,26.9,19.5
2001/6/24,23.5,27.7,20.9
2001/6/25,24.0,27.4,21.3
2001/6/26,26.8,32.6,21.4
2001/6/27,26.2,30.7,23.3
2001/6/28,27.5,33.9,21.6
2001/6/29,27.2,32.8,22.5
2001/6/30,23.2,25.3,22.3
2001/7/1,26.8,32.4,22.0
2001/7/2,26.2,32.5,20.6
2001/7/3,28.1,34.3,22.1
2001/7/4,30.7,37.9,24.3
2001/7/5,30.4,36.5,24.1
2001/7/6,28.1,35.0,23.9
2001/7/7,26.2,31.4,21.3
2001/7/8,26.1,31.3,21.9
2001/7/9,27.2,33.7,22.0
2001/7/10,27.4,32.6,22.6
2001/7/11,28.5,34.4,22.1
2001/7/12,31.6,38.1,25.2
2001/7/13,31.8,38.8,25.8
2001/7/14,30.4,36.5,26.3
2001/7/15,30.3,37.1,26.0
2001/7/16,30.0,36.8,25.4
2001/7/17,28.4,35.2,24.5
2001/7/18,26.4,33.0,23.6
2001/7/19,24.3,27.8,22.0
2001/7/20,27.3,32.8,21.1
2001/7/21,29.4,34.3,25.7
2001/7/22,29.6,36.1,25.8
2001/7/23,31.6,37.9,25.4
2001/7/24,32.6,40.0,27.3
2001/7/25,29.0,35.4,22.9
2001/7/26,24.8,28.7,20.5
2001/7/27,23.8,27.2,20.6
2001/7/28,23.7,28.4,21.0
2001/7/29,25.0,29.7,20.8
2001/7/30,28.3,33.9,22.6
2001/7/31,29.5,36.6,25.1
2001/8/1,30.4,37.7,24.5
2001/8/2,25.3,27.2,22.5
2001/8/3,25.9,30.3,22.3
2001/8/4,27.8,33.0,24.4
2001/8/5,24.1,27.9,21.4
2001/8/6,23.4,27.1,20.7
2001/8/7,21.5,23.4,19.8
2001/8/8,23.1,25.8,20.3
2001/8/9,26.6,31.9,22.0
2001/8/10,27.9,33.1,24.1
2001/8/11,26.0,30.6,23.3
2001/8/12,23.0,24.9,21.4
2001/8/13,24.3,27.9,21.1
2001/8/14,27.9,34.0,23.0
2001/8/15,26.4,28.6,24.0
2001/8/16,25.5,30.3,22.8
2001/8/17,26.4,32.3,22.1
2001/8/18,24.4,28.8,21.3
2001/8/19,22.2,26.3,19.1
2001/8/20,24.4,29.1,21.5
2001/8/21,22.4,25.2,20.8
2001/8/22,25.0,26.7,23.3
2001/8/23,27.6,33.5,23.0
2001/8/24,26.7,31.9,23.0
2001/8/25,26.9,31.3,22.9
2001/8/26,25.7,29.8,22.3
2001/8/27,24.6,29.5,21.0
2001/8/28,25.1,30.4,20.7
2001/8/29,24.5,29.2,20.7
2001/8/30,23.6,27.3,21.4
2001/8/31,22.6,26.8,20.3
2001/9/1,23.5,28.8,18.0
2001/9/2,24.0,29.9,18.8
2001/9/3,22.4,26.4,19.2
2001/9/4,21.5,26.2,18.9
2001/9/5,21.3,24.9,18.0
2001/9/6,21.6,25.0,19.6
2001/9/7,19.9,21.2,18.8
2001/9/8,24.3,29.8,19.7
2001/9/9,25.6,30.7,22.8
2001/9/10,25.3,26.3,24.4
2001/9/11,25.0,27.5,23.7
2001/9/12,26.9,32.4,22.8
2001/9/13,23.3,25.3,21.5
2001/9/14,22.9,25.5,21.5
2001/9/15,25.2,28.8,22.8
2001/9/16,25.4,30.5,21.3
2001/9/17,24.2,27.7,22.2
2001/9/18,25.7,30.6,21.5
2001/9/19,25.5,30.9,22.2
2001/9/20,21.5,22.9,19.8
2001/9/21,18.7,21.7,15.2
2001/9/22,16.5,22.8,11.2
2001/9/23,15.0,21.7,9.4
2001/9/24,17.4,25.7,9.9
2001/9/25,19.5,26.5,12.2
2001/9/26,21.2,26.1,16.8
2001/9/27,21.6,26.1,17.7
2001/9/28,19.3,25.9,14.0
2001/9/29,16.0,21.9,9.7
2001/9/30,15.9,18.9,13.5
2001/10/1,16.5,17.7,14.5
2001/10/2,19.7,26.9,15.0
2001/10/3,19.0,24.7,14.5
2001/10/4,17.6,22.4,13.2
2001/10/5,18.0,21.1,15.5
2001/10/6,20.3,26.0,15.1
2001/10/7,18.3,21.9,16.3
2001/10/8,16.4,19.8,14.2
2001/10/9,18.3,22.5,14.7
2001/10/10,15.2,16.7,13.8
2001/10/11,20.3,26.0,16.4
2001/10/12,19.2,25.4,15.1
2001/10/13,18.0,26.3,12.6
2001/10/14,16.9,24.1,10.6
2001/10/15,16.3,22.8,9.7
2001/10/16,16.5,20.5,12.9
2001/10/17,15.6,17.2,13.4
2001/10/18,12.7,14.2,9.4
2001/10/19,12.3,18.1,6.7
2001/10/20,13.1,19.7,7.3
2001/10/21,13.5,17.8,9.9
2001/10/22,14.1,18.2,10.2
2001/10/23,18.4,25.2,13.0
2001/10/24,16.6,24.0,11.0
2001/10/25,15.7,22.0,10.2
2001/10/26,14.5,19.2,11.1
2001/10/27,14.7,21.2,9.3
2001/10/28,12.9,13.7,12.0
2001/10/29,15.6,21.9,9.1
2001/10/30,11.1,16.5,6.4
2001/10/31,14.4,20.7,8.4
2001/11/1,14.4,17.9,12.2
2001/11/2,16.5,22.8,10.7
2001/11/3,14.1,18.0,11.2
2001/11/4,12.3,18.1,6.7
2001/11/5,9.9,14.1,4.6
2001/11/6,13.8,21.2,9.5
2001/11/7,9.9,15.8,4.8
2001/11/8,10.8,15.9,5.2
2001/11/9,11.9,15.4,8.4
2001/11/10,10.6,12.3,6.7
2001/11/11,9.4,15.4,4.7
2001/11/12,11.1,17.0,8.7
2001/11/13,10.0,14.4,6.5
2001/11/14,9.1,14.5,5.0
2001/11/15,7.3,13.0,2.1
2001/11/16,10.3,17.1,4.3
2001/11/17,10.5,18.8,5.3
2001/11/18,9.4,14.9,5.7
2001/11/19,9.3,16.6,4.3
2001/11/20,9.3,15.6,4.6
2001/11/21,9.9,17.9,4.4
2001/11/22,11.9,20.1,5.5
2001/11/23,11.7,18.7,6.4
2001/11/24,10.9,17.8,6.2
2001/11/25,10.9,17.2,5.5
2001/11/26,10.7,16.5,6.2
2001/11/27,7.4,13.6,2.9
2001/11/28,8.4,16.6,2.4
2001/11/29,10.7,18.7,5.0
2001/11/30,10.8,17.1,6.6
2001/12/1,8.0,14.1,3.5
2001/12/2,10.4,17.3,4.7
2001/12/3,11.0,16.6,6.6
2001/12/4,8.3,11.3,4.3
2001/12/5,7.6,12.2,2.8
2001/12/6,8.2,11.5,5.9
2001/12/7,6.4,9.8,3.6
2001/12/8,5.4,11.3,0.5
2001/12/9,6.0,9.8,2.5
2001/12/10,5.0,9.5,2.0
2001/12/11,4.7,9.2,1.0
2001/12/12,7.2,13.3,3.3
2001/12/13,7.9,12.5,3.9
2001/12/14,6.5,11.6,0.9
2001/12/15,3.4,8.3,0.1
2001/12/16,4.0,10.1,-1.4
2001/12/17,6.0,13.2,0.2
2001/12/18,4.9,9.4,0.9
2001/12/19,3.9,10.4,-1.2
2001/12/20,4.4,10.4,-0.5
2001/12/21,2.9,6.2,0.4
2001/12/22,3.7,10.0,-0.2
2001/12/23,3.2,9.8,-2.2
2001/12/24,4.9,11.7,-1.0
2001/12/25,4.4,8.6,1.1
2001/12/26,5.3,10.3,0.8
2001/12/27,4.1,9.8,0.2
2001/12/28,3.9,11.6,0.1
2001/12/29,2.5,7.1,-1.8
2001/12/30,2.8,9.6,-1.6
2001/12/31,2.7,9.0,-3.3
2002/1/1,3.6,9.2,-1.1
2002/1/2,2.3,7.0,-2.0
2002/1/3,0.5,6.8,-4.2
2002/1/4,3.2,9.7,-2.6
2002/1/5,3.4,8.9,-0.5
2002/1/6,2.4,7.9,-1.1
2002/1/7,1.9,6.6,-2.4
2002/1/8,4.5,11.4,0.2
2002/1/9,4.3,9.9,-1.8
2002/1/10,6.4,14.8,-0.7
2002/1/11,7.4,13.9,2.7
2002/1/12,8.8,16.4,2.2
2002/1/13,7.9,12.6,3.8
2002/1/14,6.3,10.9,1.1
2002/1/15,9.6,16.8,2.7
2002/1/16,9.5,11.9,7.1
2002/1/17,6.1,9.9,2.4
2002/1/18,4.2,9.8,-1.0
2002/1/19,3.4,9.7,-0.9
2002/1/20,3.8,7.4,-0.5
2002/1/21,5.7,9.3,2.4
2002/1/22,7.4,13.7,0.6
2002/1/23,3.9,10.8,-0.8
2002/1/24,4.1,11.7,-1.1
2002/1/25,3.4,9.1,-0.8
2002/1/26,1.8,5.9,-2.0
2002/1/27,3.7,9.1,0.1
2002/1/28,4.7,8.5,1.1
2002/1/29,2.3,7.3,-1.0
2002/1/30,2.9,8.5,-3.2
2002/1/31,2.5,7.6,-1.1
2002/2/1,2.4,9.2,-3.6
2002/2/2,5.1,11.3,-0.9
2002/2/3,4.3,6.0,3.1
2002/2/4,6.2,11.4,2.2
2002/2/5,5.8,7.6,4.0
2002/2/6,7.0,13.0,2.0
2002/2/7,6.9,14.0,2.9
2002/2/8,7.8,13.3,3.8
2002/2/9,4.0,8.8,0.2
2002/2/10,1.6,5.7,-1.0
2002/2/11,1.6,7.0,-2.7
2002/2/12,2.4,8.1,-2.3
2002/2/13,2.6,9.0,-1.5
2002/2/14,2.0,8.6,-2.9
2002/2/15,2.7,8.3,-2.6
2002/2/16,4.3,11.9,-3.1
2002/2/17,5.1,8.9,0.7
2002/2/18,4.1,9.2,0.1
2002/2/19,3.6,8.3,-1.7
2002/2/20,6.0,11.5,0.2
2002/2/21,9.4,16.1,1.5
2002/2/22,9.9,18.1,4.3
2002/2/23,7.4,11.4,4.5
2002/2/24,6.0,11.6,1.0
2002/2/25,5.1,11.2,-0.5
2002/2/26,8.2,13.3,2.6
2002/2/27,9.6,12.6,6.9
2002/2/28,8.9,11.1,6.6
2002/3/1,11.5,17.3,7.0
2002/3/2,8.9,14.7,3.7
2002/3/3,5.3,11.4,1.6
2002/3/4,6.4,14.7,-0.9
2002/3/5,5.7,9.5,2.2
2002/3/6,10.6,18.2,4.6
2002/3/7,7.0,13.8,2.4
2002/3/8,5.6,11.4,1.0
2002/3/9,7.0,14.5,-0.1
2002/3/10,11.1,18.9,2.1
2002/3/11,9.7,15.1,5.7
2002/3/12,9.7,18.4,2.5
2002/3/13,8.7,14.9,3.1
2002/3/14,10.7,17.8,2.7
2002/3/15,14.2,24.0,9.2
2002/3/16,12.6,18.9,8.6
2002/3/17,13.3,23.9,6.0
2002/3/18,11.2,18.9,5.5
2002/3/19,11.8,18.6,4.2
2002/3/20,11.0,17.3,6.3
2002/3/21,11.8,18.8,4.3
2002/3/22,12.1,17.7,6.5
2002/3/23,7.4,12.7,4.0
2002/3/24,6.7,12.5,2.4
2002/3/25,7.7,14.2,0.4
2002/3/26,8.3,11.2,4.3
2002/3/27,8.7,12.1,5.1
2002/3/28,9.4,16.9,3.7
2002/3/29,8.8,12.3,5.2
2002/3/30,13.7,19.1,9.3
2002/3/31,10.8,14.2,8.4
2002/4/1,14.0,21.5,5.9
2002/4/2,18.8,27.4,9.9
2002/4/3,16.5,23.5,9.8
2002/4/4,12.5,17.4,9.1
2002/4/5,12.3,18.2,8.5
2002/4/6,12.1,19.6,5.7
2002/4/7,12.6,18.7,6.9
2002/4/8,18.0,25.2,9.9
2002/4/9,15.3,18.7,11.2
2002/4/10,10.7,12.7,9.4
2002/4/11,13.1,18.3,9.0
2002/4/12,11.6,18.0,6.6
2002/4/13,10.0,16.1,4.5
2002/4/14,13.3,20.0,6.0
2002/4/15,18.4,25.9,11.6
2002/4/16,19.5,24.5,15.5
2002/4/17,16.9,23.2,11.9
2002/4/18,13.6,19.8,10.1
2002/4/19,14.8,21.4,8.3
2002/4/20,15.9,19.3,12.0
2002/4/21,13.8,15.9,12.2
2002/4/22,15.9,20.7,11.8
2002/4/23,15.7,21.3,12.4
2002/4/24,17.2,22.9,12.4
2002/4/25,14.9,17.7,10.5
2002/4/26,11.0,12.9,9.7
2002/4/27,12.7,18.5,9.3
2002/4/28,12.7,19.1,7.7
2002/4/29,14.8,22.4,5.9
2002/4/30,15.8,19.8,12.2
2002/5/1,19.2,26.5,14.5
2002/5/2,16.7,22.7,11.9
2002/5/3,17.4,25.2,9.8
2002/5/4,18.2,25.0,14.1
2002/5/5,21.4,30.5,15.2
2002/5/6,16.9,22.5,12.1
2002/5/7,13.3,14.7,12.0
2002/5/8,19.1,25.0,13.1
2002/5/9,14.0,17.7,12.8
2002/5/10,13.0,15.3,11.8
2002/5/11,15.4,19.4,11.7
2002/5/12,18.0,26.5,11.9
2002/5/13,13.8,16.2,11.8
2002/5/14,18.8,26.1,10.9
2002/5/15,18.5,25.0,13.4
2002/5/16,13.7,17.4,11.3
2002/5/17,11.0,11.9,10.2
2002/5/18,15.0,19.5,11.2
2002/5/19,17.1,24.4,11.8
2002/5/20,15.9,20.8,14.0
2002/5/21,17.9,23.6,12.4
2002/5/22,20.2,27.1,11.7
2002/5/23,21.3,26.4,16.7
2002/5/24,20.8,27.2,14.2
2002/5/25,19.2,27.6,11.0
2002/5/26,18.8,26.7,12.3
2002/5/27,16.3,21.8,13.4
2002/5/28,19.5,27.3,11.2
2002/5/29,19.7,25.1,14.9
2002/5/30,21.1,26.4,14.4
2002/5/31,21.6,26.5,17.9
2002/6/1,22.3,28.5,16.7
2002/6/2,22.8,27.7,18.3
2002/6/3,21.7,27.5,16.0
2002/6/4,21.9,29.3,16.8
2002/6/5,22.8,31.7,16.1
2002/6/6,21.4,27.3,15.7
2002/6/7,24.0,31.4,16.8
2002/6/8,25.0,31.6,19.2
2002/6/9,22.7,28.3,18.2
2002/6/10,23.4,32.6,15.0
2002/6/11,24.6,31.7,20.0
2002/6/12,20.1,25.2,16.8
2002/6/13,18.3,20.4,16.1
2002/6/14,19.2,22.3,17.6
2002/6/15,19.8,23.5,17.3
2002/6/16,20.2,24.1,17.2
2002/6/17,22.5,27.1,17.4
2002/6/18,18.6,20.7,15.4
2002/6/19,22.7,30.3,13.4
2002/6/20,19.6,22.6,17.3
2002/6/21,23.5,30.9,17.0
2002/6/22,17.5,20.0,14.8
2002/6/23,15.4,17.4,13.1
2002/6/24,19.6,25.7,14.4
2002/6/25,15.9,17.4,15.1
2002/6/26,15.2,16.4,14.2
2002/6/27,15.5,17.0,14.2
2002/6/28,20.5,26.0,15.4
2002/6/29,19.9,23.5,17.8
2002/6/30,22.3,27.3,18.6
2002/7/1,21.7,24.7,19.7
2002/7/2,23.6,26.9,21.2
2002/7/3,23.8,27.2,21.1
2002/7/4,27.4,33.2,21.5
2002/7/5,24.8,27.8,22.3
2002/7/6,25.4,29.2,21.4
2002/7/7,27.7,33.5,22.6
2002/7/8,29.4,35.7,23.0
2002/7/9,26.7,33.0,23.2
2002/7/10,24.3,25.4,22.9
2002/7/11,27.6,34.0,23.0
2002/7/12,27.3,33.0,21.1
2002/7/13,26.2,32.7,22.0
2002/7/14,27.9,33.5,21.9
2002/7/15,25.6,30.1,22.4
2002/7/16,24.9,32.3,20.5
2002/7/17,25.1,29.2,22.0
2002/7/18,27.7,32.9,21.9
2002/7/19,27.3,31.9,24.2
2002/7/20,30.3,36.2,24.1
2002/7/21,29.1,35.0,25.0
2002/7/22,29.0,33.2,24.4
2002/7/23,29.4,34.6,25.2
2002/7/24,27.6,33.2,24.5
2002/7/25,26.3,32.6,22.8
2002/7/26,29.1,33.7,25.0
2002/7/27,30.1,35.7,25.2
2002/7/28,24.9,27.9,22.7
2002/7/29,26.0,29.7,22.1
2002/7/30,29.8,36.1,24.2
2002/7/31,31.0,37.0,25.2
2002/8/1,30.5,38.5,23.8
2002/8/2,26.7,35.3,23.0
2002/8/3,27.4,33.7,21.5
2002/8/4,25.4,33.0,21.5
2002/8/5,28.3,34.0,21.9
2002/8/6,29.8,36.4,24.3
2002/8/7,30.2,35.9,24.2
2002/8/8,31.2,37.4,25.3
2002/8/9,30.2,36.3,24.7
2002/8/10,30.6,36.9,25.1
2002/8/11,30.4,35.5,24.5
2002/8/12,26.0,29.0,23.6
2002/8/13,27.5,33.3,23.5
2002/8/14,27.6,33.5,24.0
2002/8/15,27.7,33.7,23.4
2002/8/16,26.2,32.5,23.3
2002/8/17,25.2,30.2,22.1
2002/8/18,24.7,28.0,23.2
2002/8/19,24.9,27.0,23.6
2002/8/20,24.9,29.0,19.5
2002/8/21,22.5,28.1,17.7
2002/8/22,22.9,29.0,16.6
2002/8/23,19.9,21.8,18.5
2002/8/24,23.1,28.2,18.7
2002/8/25,26.6,32.2,21.2
2002/8/26,26.2,31.0,22.4
2002/8/27,26.8,30.2,24.0
2002/8/28,28.2,33.2,24.8
2002/8/29,28.6,33.7,23.6
2002/8/30,28.5,33.6,23.7
2002/8/31,28.2,32.9,24.6
2002/9/1,28.0,33.2,24.2
2002/9/2,27.7,32.9,22.3
2002/9/3,28.9,34.4,23.8
2002/9/4,27.7,34.2,22.4
2002/9/5,25.5,30.7,23.1
2002/9/6,22.1,23.3,21.5
2002/9/7,23.2,28.2,21.2
2002/9/8,25.0,30.0,21.6
2002/9/9,23.5,28.1,20.6
2002/9/10,23.3,26.8,20.3
2002/9/11,25.0,29.7,20.1
2002/9/12,25.9,33.5,21.7
2002/9/13,21.4,25.3,16.9
2002/9/14,16.9,18.0,15.6
2002/9/15,17.8,19.7,15.8
2002/9/16,17.6,18.5,17.0
2002/9/17,18.9,21.5,17.0
2002/9/18,21.2,27.7,17.0
2002/9/19,18.8,26.0,13.0
2002/9/20,19.8,27.2,13.4
2002/9/21,21.1,27.4,15.1
2002/9/22,18.5,22.2,16.7
2002/9/23,18.8,24.5,14.5
2002/9/24,18.6,26.4,12.6
2002/9/25,18.4,24.6,12.6
2002/9/26,17.8,21.0,14.3
2002/9/27,17.9,20.4,15.8
2002/9/28,17.0,19.3,14.2
2002/9/29,20.8,24.2,17.5
2002/9/30,18.8,20.7,17.1
2002/10/1,18.7,23.9,17.1
2002/10/2,23.2,30.2,17.3
2002/10/3,20.7,26.2,16.6
2002/10/4,21.6,28.0,16.1
2002/10/5,22.0,27.4,17.6
2002/10/6,21.1,23.9,18.1
2002/10/7,21.8,27.6,19.0
2002/10/8,17.7,19.7,15.4
2002/10/9,18.0,22.8,15.0
2002/10/10,16.7,22.5,11.5
2002/10/11,13.9,20.5,8.3
2002/10/12,15.1,22.1,9.9
2002/10/13,15.7,23.1,8.8
2002/10/14,19.6,27.0,12.1
2002/10/15,19.0,25.6,13.6
2002/10/16,18.5,24.7,14.3
2002/10/17,17.4,23.8,11.5
2002/10/18,17.7,21.9,14.2
2002/10/19,18.3,22.4,15.4
2002/10/20,16.1,18.3,13.9
2002/10/21,14.7,15.7,13.8
2002/10/22,15.5,22.0,12.0
2002/10/23,15.3,19.8,12.7
2002/10/24,13.0,15.1,11.6
2002/10/25,15.5,21.2,11.1
2002/10/26,12.8,14.2,11.2
2002/10/27,14.7,21.2,9.1
2002/10/28,11.4,18.6,6.1
2002/10/29,9.8,17.2,4.7
2002/10/30,10.8,16.0,5.8
2002/10/31,10.9,16.1,5.3
2002/11/1,11.6,13.6,9.6
2002/11/2,9.7,15.4,6.2
2002/11/3,9.9,17.7,4.0
2002/11/4,8.0,15.3,4.0
2002/11/5,7.2,15.2,2.5
2002/11/6,7.3,13.8,2.9
2002/11/7,7.4,13.8,2.4
2002/11/8,8.8,15.3,4.4
2002/11/9,7.3,12.5,2.3
2002/11/10,7.6,13.6,2.0
2002/11/11,9.5,16.9,3.6
2002/11/12,12.5,19.8,6.5
2002/11/13,10.6,17.4,6.3
2002/11/14,8.1,16.0,2.3
2002/11/15,8.6,15.6,3.1
2002/11/16,8.0,12.3,4.6
2002/11/17,8.0,9.5,6.5
2002/11/18,10.4,19.7,4.8
2002/11/19,8.5,14.1,4.1
2002/11/20,7.7,14.3,3.1
2002/11/21,9.4,16.8,5.0
2002/11/22,6.8,9.6,3.9
2002/11/23,6.4,10.1,1.1
2002/11/24,9.0,11.1,6.8
2002/11/25,9.5,11.0,7.8
2002/11/26,9.7,14.1,6.0
2002/11/27,6.5,14.4,1.4
2002/11/28,6.6,12.8,1.6
2002/11/29,6.3,12.6,1.0
2002/11/30,9.6,14.8,4.3
2002/12/1,8.0,9.6,6.5
2002/12/2,8.3,12.6,3.5
2002/12/3,8.0,13.2,3.8
2002/12/4,8.1,10.7,6.8
2002/12/5,12.2,18.9,7.1
2002/12/6,8.6,11.3,6.0
2002/12/7,4.3,7.0,2.3
2002/12/8,4.0,6.2,0.5
2002/12/9,0.5,1.2,-0.1
2002/12/10,2.9,7.0,0.9
2002/12/11,2.3,8.6,-1.1
2002/12/12,2.9,9.4,-1.5
2002/12/13,2.5,7.2,-0.3
2002/12/14,2.3,9.1,-2.7
2002/12/15,3.3,9.8,-1.9
2002/12/16,6.5,13.2,0.1
2002/12/17,7.5,11.6,3.3
2002/12/18,5.8,11.1,1.4
2002/12/19,7.9,10.9,4.3
2002/12/20,5.6,10.3,2.0
2002/12/21,2.1,3.7,0.9
2002/12/22,5.0,8.1,2.3
2002/12/23,3.6,7.6,-0.4
2002/12/24,4.2,8.2,1.1
2002/12/25,4.5,7.4,0.4
2002/12/26,2.9,7.8,-1.2
2002/12/27,0.3,3.6,-2.6
2002/12/28,1.0,7.9,-4.1
2002/12/29,2.8,7.1,-1.3
2002/12/30,3.3,9.8,-1.7
2002/12/31,4.3,8.3,-1.0
2003/1/1,3.2,6.8,0.8
2003/1/2,0.5,3.7,-1.9
2003/1/3,-0.7,3.5,-3.6
2003/1/4,4.3,10.6,-0.6
2003/1/5,0.6,5.0,-2.8
2003/1/6,1.0,6.5,-5.0
2003/1/7,2.2,9.2,-3.4
2003/1/8,2.6,8.7,-2.3
2003/1/9,2.2,8.5,-2.8
2003/1/10,5.6,12.1,0.5
2003/1/11,4.7,9.2,0.1
2003/1/12,4.5,10.2,-0.1
2003/1/13,4.9,11.3,-0.3
2003/1/14,6.6,15.3,0.7
2003/1/15,0.6,4.0,-2.6
2003/1/16,0.5,7.5,-4.7
2003/1/17,6.1,13.8,-0.9
2003/1/18,5.3,9.6,0.1
2003/1/19,2.8,7.6,-1.4
2003/1/20,4.3,9.9,-0.5
2003/1/21,2.5,6.0,-0.3
2003/1/22,2.5,8.4,-3.1
2003/1/23,1.5,5.1,-0.6
2003/1/24,2.6,5.3,-0.8
2003/1/25,2.5,7.3,-1.1
2003/1/26,3.1,7.5,-1.1
2003/1/27,2.5,4.9,0.6
2003/1/28,6.8,11.2,2.0
2003/1/29,1.0,6.2,-3.0
2003/1/30,0.9,6.5,-3.4
2003/1/31,2.3,10.7,-2.7
2003/2/1,1.9,6.8,-1.8
2003/2/2,0.7,5.2,-4.1
2003/2/3,2.4,9.0,-3.0
2003/2/4,2.3,8.6,-2.6
2003/2/5,2.7,9.1,-1.6
2003/2/6,2.2,8.1,-1.9
2003/2/7,3.2,10.3,-3.2
2003/2/8,6.6,13.5,0.2
2003/2/9,8.7,16.2,2.8
2003/2/10,7.8,12.5,2.3
2003/2/11,7.8,10.4,5.5
2003/2/12,3.7,7.3,-0.2
2003/2/13,2.6,7.8,-3.4
2003/2/14,3.8,11.2,-1.3
2003/2/15,5.3,12.6,-1.1
2003/2/16,3.4,5.5,0.9
2003/2/17,5.4,10.4,1.3
2003/2/18,3.2,8.3,-0.9
2003/2/19,4.6,8.9,0.9
2003/2/20,5.2,10.1,1.9
2003/2/21,4.6,9.2,1.1
2003/2/22,3.7,8.6,-0.6
2003/2/23,6.3,13.2,3.2
2003/2/24,1.9,3.4,0.9
2003/2/25,4.4,10.0,0.5
2003/2/26,5.7,12.2,-0.7
2003/2/27,4.4,8.8,1.0
2003/2/28,4.8,13.2,-1.7
2003/3/1,4.2,8.1,0.4
2003/3/2,8.2,12.1,4.4
2003/3/3,6.6,12.6,2.4
2003/3/4,1.7,5.5,-1.8
2003/3/5,2.1,8.1,-2.8
2003/3/6,3.2,8.0,-0.5
2003/3/7,2.9,8.3,0.2
2003/3/8,7.4,14.2,3.3
2003/3/9,4.1,8.9,1.0
2003/3/10,3.2,8.4,-0.8
2003/3/11,2.2,7.2,-0.7
2003/3/12,2.6,8.4,-2.6
2003/3/13,3.9,11.4,-2.5
2003/3/14,5.7,12.7,-0.6
2003/3/15,6.2,11.0,3.2
2003/3/16,6.0,11.8,-0.2
2003/3/17,5.0,10.0,2.6
2003/3/18,5.2,11.0,0.3
2003/3/19,5.9,12.8,0.5
2003/3/20,4.7,10.2,0.3
2003/3/21,6.2,13.6,-0.4
2003/3/22,4.7,8.0,0.5
2003/3/23,9.0,16.3,1.8
2003/3/24,12.2,18.7,5.5
2003/3/25,10.1,12.7,8.2
2003/3/26,11.8,18.0,6.3
2003/3/27,12.6,18.8,5.2
2003/3/28,10.8,15.0,7.9
2003/3/29,8.7,13.4,3.4
2003/3/30,8.8,15.6,1.5
2003/3/31,13.3,21.3,4.4
2003/4/1,13.0,21.4,8.7
2003/4/2,8.6,10.0,6.8
2003/4/3,9.9,15.4,6.3
2003/4/4,8.3,14.1,3.0
2003/4/5,4.9,7.6,2.0
2003/4/6,9.2,13.8,5.0
2003/4/7,11.8,19.9,2.7
2003/4/8,12.8,18.7,9.6
2003/4/9,11.0,16.4,5.5
2003/4/10,8.9,15.4,4.0
2003/4/11,10.4,16.6,3.3
2003/4/12,13.2,18.5,8.9
2003/4/13,16.5,22.9,11.5
2003/4/14,12.7,18.2,7.9
2003/4/15,10.9,13.0,8.9
2003/4/16,14.9,22.6,8.4
2003/4/17,17.3,24.9,9.5
2003/4/18,20.7,26.9,13.4
2003/4/19,18.9,23.5,14.4
2003/4/20,13.6,18.1,10.3
2003/4/21,12.1,20.1,8.4
2003/4/22,12.9,19.1,6.6
2003/4/23,13.1,16.8,10.6
2003/4/24,16.7,20.7,12.1
2003/4/25,14.5,16.0,13.2
2003/4/26,17.0,25.3,12.5
2003/4/27,17.5,23.4,13.1
2003/4/28,17.3,24.2,10.7
2003/4/29,18.9,26.9,12.6
2003/4/30,15.2,17.8,10.9
2003/5/1,14.4,21.7,8.1
2003/5/2,16.1,23.9,7.7
2003/5/3,20.0,27.5,12.1
2003/5/4,22.0,29.1,14.6
2003/5/5,19.3,25.4,16.2
2003/5/6,19.7,25.2,12.9
2003/5/7,22.0,26.6,18.3
2003/5/8,17.3,21.2,12.1
2003/5/9,14.0,20.2,8.6
2003/5/10,14.5,21.0,6.6
2003/5/11,15.1,20.2,10.7
2003/5/12,15.5,19.3,12.8
2003/5/13,19.5,25.1,15.1
2003/5/14,19.2,24.6,15.0
2003/5/15,16.0,18.3,14.7
2003/5/16,17.6,23.3,13.9
2003/5/17,14.4,16.8,13.0
2003/5/18,17.6,22.2,13.3
2003/5/19,17.3,19.9,15.5
2003/5/20,17.4,22.0,15.0
2003/5/21,19.6,27.0,13.7
2003/5/22,18.6,26.4,12.8
2003/5/23,18.4,22.1,15.2
2003/5/24,19.1,24.0,16.0
2003/5/25,17.9,22.8,14.8
2003/5/26,16.2,17.9,14.7
2003/5/27,18.0,20.9,14.7
2003/5/28,21.9,28.6,15.1
2003/5/29,22.3,28.3,16.4
2003/5/30,21.2,27.2,15.6
2003/5/31,18.3,19.7,17.2
2003/6/1,20.3,26.5,17.0
2003/6/2,20.4,26.8,13.3
2003/6/3,21.0,28.5,12.7
2003/6/4,19.8,21.8,17.2
2003/6/5,23.3,31.0,16.3
2003/6/6,21.3,26.4,15.5
2003/6/7,20.8,24.3,17.3
2003/6/8,22.1,29.7,15.3
2003/6/9,20.0,24.3,17.1
2003/6/10,19.7,24.2,16.3
2003/6/11,20.4,23.3,17.4
2003/6/12,20.2,22.9,17.7
2003/6/13,24.5,29.0,20.0
2003/6/14,24.7,30.0,21.1
2003/6/15,21.4,24.2,19.7
2003/6/16,22.3,24.7,19.6
2003/6/17,22.7,26.1,20.4
2003/6/18,23.9,27.1,20.2
2003/6/19,26.2,31.4,21.7
2003/6/20,27.4,35.9,23.6
2003/6/21,27.0,32.6,21.6
2003/6/22,25.4,31.2,20.3
2003/6/23,21.2,23.0,19.5
2003/6/24,20.4,21.3,19.2
2003/6/25,21.8,27.2,19.8
2003/6/26,19.9,22.3,17.6
2003/6/27,23.3,28.8,18.6
2003/6/28,22.9,27.7,20.2
2003/6/29,25.6,30.7,21.4
2003/6/30,24.7,30.7,19.0
2003/7/1,21.4,24.0,19.0
2003/7/2,22.9,29.2,18.4
2003/7/3,20.4,23.3,18.3
2003/7/4,24.7,31.2,19.5
2003/7/5,24.9,32.0,19.8
2003/7/6,20.9,24.0,17.5
2003/7/7,19.7,20.4,19.0
2003/7/8,20.3,21.8,18.7
2003/7/9,18.8,21.0,17.5
2003/7/10,20.5,22.1,18.4
2003/7/11,24.7,30.2,19.6
2003/7/12,25.9,31.9,21.7
2003/7/13,21.3,22.8,18.6
2003/7/14,19.6,23.4,17.3
2003/7/15,22.7,27.5,17.7
2003/7/16,22.1,25.0,19.9
2003/7/17,21.0,24.7,18.4
2003/7/18,19.2,21.4,17.6
2003/7/19,20.3,23.2,19.0
2003/7/20,23.6,28.2,20.2
2003/7/21,23.9,28.2,21.4
2003/7/22,21.5,26.6,18.0
2003/7/23,18.1,19.5,17.4
2003/7/24,22.6,27.5,17.2
2003/7/25,22.4,26.4,19.9
2003/7/26,22.5,26.4,18.5
2003/7/27,22.3,27.3,18.9
2003/7/28,21.5,24.8,17.0
2003/7/29,21.8,23.3,20.4
2003/7/30,24.0,28.2,20.7
2003/7/31,26.0,31.1,22.1
2003/8/1,25.0,28.6,21.6
2003/8/2,26.9,32.2,22.7
2003/8/3,29.0,34.3,24.2
2003/8/4,30.1,35.9,24.5
2003/8/5,26.8,33.8,23.3
2003/8/6,27.3,32.5,22.4
2003/8/7,25.7,28.0,23.2
2003/8/8,25.3,26.9,23.8
2003/8/9,25.3,26.8,24.1
2003/8/10,28.8,34.7,22.3
2003/8/11,28.1,32.9,25.3
2003/8/12,24.7,26.3,22.6
2003/8/13,23.3,27.2,20.3
2003/8/14,19.4,22.9,18.0
2003/8/15,19.2,21.5,17.8
2003/8/16,19.8,22.9,18.3
2003/8/17,19.7,21.4,18.0
2003/8/18,21.7,26.6,18.7
2003/8/19,21.1,24.5,18.9
2003/8/20,22.4,25.0,20.0
2003/8/21,25.8,31.2,20.8
2003/8/22,28.1,34.0,22.3
2003/8/23,29.9,36.7,24.0
2003/8/24,29.6,37.2,24.3
2003/8/25,27.6,33.7,23.2
2003/8/26,26.8,30.0,24.0
2003/8/27,24.9,29.7,21.5
2003/8/28,21.9,24.7,19.8
2003/8/29,27.4,34.1,20.6
2003/8/30,24.0,28.3,21.0
2003/8/31,22.1,24.6,19.6
2003/9/1,21.8,24.9,18.8
2003/9/2,25.4,30.3,21.1
2003/9/3,26.6,35.1,22.6
2003/9/4,25.4,27.9,23.0
2003/9/5,25.1,30.2,20.8
2003/9/6,25.4,30.6,20.7
2003/9/7,20.9,24.8,18.5
2003/9/8,21.9,25.6,18.4
2003/9/9,27.0,33.7,19.9
2003/9/10,27.3,30.9,24.0
2003/9/11,28.1,33.1,24.4
2003/9/12,27.1,32.5,24.0
2003/9/13,27.3,32.2,24.1
2003/9/14,27.2,32.1,22.9
2003/9/15,25.3,31.0,20.4
2003/9/16,24.4,29.1,21.3
2003/9/17,25.5,30.6,20.1
2003/9/18,26.7,31.5,21.8
2003/9/19,26.4,31.8,21.5
2003/9/20,19.5,25.5,15.5
2003/9/21,15.6,17.0,14.5
2003/9/22,15.8,20.7,13.0
2003/9/23,16.7,21.8,10.8
2003/9/24,15.9,17.4,14.7
2003/9/25,17.0,18.7,14.9
2003/9/26,20.4,24.5,17.3
2003/9/27,20.9,28.1,16.7
2003/9/28,20.3,25.5,17.0
2003/9/29,19.9,25.8,15.8
2003/9/30,17.3,22.6,12.4
2003/10/1,17.1,23.3,10.8
2003/10/2,19.6,27.6,15.8
2003/10/3,17.2,23.6,13.6
2003/10/4,15.8,22.0,11.4
2003/10/5,16.6,22.9,10.5
2003/10/6,15.4,18.6,12.5
2003/10/7,15.5,19.1,12.4
2003/10/8,14.9,17.6,12.0
2003/10/9,15.0,20.4,11.4
2003/10/10,15.1,20.8,9.1
2003/10/11,17.2,21.2,12.3
2003/10/12,19.8,24.0,16.1
2003/10/13,19.4,24.6,16.3
2003/10/14,14.1,17.1,11.3
2003/10/15,15.3,20.1,11.2
2003/10/16,15.6,21.0,10.8
2003/10/17,15.1,20.2,9.8
2003/10/18,14.3,20.3,9.7
2003/10/19,15.8,22.7,9.6
2003/10/20,14.8,19.6,11.0
2003/10/21,15.1,20.7,9.4
2003/10/22,14.5,16.1,12.8
2003/10/23,15.6,23.2,10.7
2003/10/24,12.9,18.4,7.1
2003/10/25,12.3,15.9,8.3
2003/10/26,15.6,21.6,10.2
2003/10/27,15.4,19.2,13.3
2003/10/28,13.5,14.8,12.3
2003/10/29,16.3,25.0,12.6
2003/10/30,15.3,21.8,9.6
2003/10/31,13.2,19.9,7.5
2003/11/1,15.3,20.9,11.1
2003/11/2,17.5,24.3,12.3
2003/11/3,16.3,20.3,13.3
2003/11/4,15.9,19.7,11.3
2003/11/5,14.8,19.1,10.6
2003/11/6,16.8,23.0,13.3
2003/11/7,17.5,22.5,13.2
2003/11/8,17.3,21.9,14.7
2003/11/9,14.6,17.1,11.6
2003/11/10,10.1,11.7,8.7
2003/11/11,10.6,12.8,8.7
2003/11/12,13.1,18.1,9.4
2003/11/13,11.0,14.5,7.2
2003/11/14,10.2,16.9,4.9
2003/11/15,10.2,15.0,6.2
2003/11/16,14.5,23.1,9.2
2003/11/17,10.8,15.4,6.4
2003/11/18,7.9,13.7,3.1
2003/11/19,11.0,18.7,5.8
2003/11/20,9.9,11.4,7.5
2003/11/21,16.4,23.6,10.5
2003/11/22,11.2,15.1,6.8
2003/11/23,8.2,12.1,3.7
2003/11/24,8.4,10.8,7.0
2003/11/25,10.5,14.5,7.2
2003/11/26,11.6,17.2,8.1
2003/11/27,8.4,10.5,6.7
2003/11/28,9.5,11.8,7.5
2003/11/29,10.5,12.4,8.2
2003/11/30,15.2,18.7,12.3
2003/12/1,12.0,15.6,10.0
2003/12/2,12.2,17.5,7.5
2003/12/3,10.0,15.9,5.7
2003/12/4,7.5,12.7,4.2
2003/12/5,5.2,9.0,1.6
2003/12/6,8.7,12.9,4.3
2003/12/7,9.3,13.7,3.3
2003/12/8,5.8,11.7,0.4
2003/12/9,5.6,10.5,2.0
2003/12/10,5.7,11.1,1.5
2003/12/11,4.7,8.1,1.5
2003/12/12,7.7,13.2,3.8
2003/12/13,6.9,14.8,1.5
2003/12/14,7.1,14.3,1.4
2003/12/15,6.4,12.1,1.8
2003/12/16,5.7,10.1,2.7
2003/12/17,4.3,8.8,0.5
2003/12/18,6.0,11.1,2.2
2003/12/19,5.3,10.9,2.5
2003/12/20,1.5,6.1,-0.4
2003/12/21,2.8,7.9,-1.3
2003/12/22,4.8,12.6,-1.5
2003/12/23,7.2,15.4,0.8
2003/12/24,7.7,14.8,3.2
2003/12/25,7.3,14.5,2.1
2003/12/26,7.9,12.9,1.3
2003/12/27,2.2,5.9,0.1
2003/12/28,3.4,9.5,-1.8
2003/12/29,4.5,11.1,-0.7
2003/12/30,6.0,9.6,2.1
2003/12/31,5.0,9.7,0.5
2004/1/1,8.1,13.0,3.5
2004/1/2,7.1,14.5,2.3
2004/1/3,7.1,13.4,2.2
2004/1/4,5.9,9.9,2.5
2004/1/5,4.1,9.5,-0.4
2004/1/6,3.4,9.8,-0.3
2004/1/7,2.1,6.9,-1.4
2004/1/8,3.1,6.4,0.4
2004/1/9,3.0,8.6,-0.5
2004/1/10,2.9,8.4,-2.2
2004/1/11,3.0,7.2,0.5
2004/1/12,2.5,7.4,-1.8
2004/1/13,4.0,12.8,-0.1
2004/1/14,2.2,5.4,-0.3
2004/1/15,1.5,6.3,-3.2
2004/1/16,2.0,7.0,-1.7
2004/1/17,1.1,4.0,-0.7
2004/1/18,3.7,8.6,-1.6
2004/1/19,4.5,10.9,1.3
2004/1/20,5.7,11.8,-0.2
2004/1/21,4.9,9.9,1.2
2004/1/22,2.4,6.0,-2.2
2004/1/23,1.5,8.7,-4.8
2004/1/24,2.9,9.8,-2.4
2004/1/25,2.4,8.4,-2.1
2004/1/26,2.5,8.8,-2.1
2004/1/27,2.0,8.0,-2.0
2004/1/28,3.9,11.7,-3.3
2004/1/29,5.5,10.7,1.9
2004/1/30,5.0,11.9,0.2
2004/1/31,4.3,9.9,-0.4
2004/2/1,4.5,11.2,-1.6
2004/2/2,3.0,5.5,0.1
2004/2/3,7.1,12.0,3.9
2004/2/4,4.3,9.9,-0.1
2004/2/5,3.0,9.5,-0.6
2004/2/6,2.8,8.3,-1.9
2004/2/7,2.8,9.1,-1.5
2004/2/8,3.1,10.1,-2.9
2004/2/9,3.5,8.2,-0.1
2004/2/10,3.0,7.7,-1.0
2004/2/11,3.2,8.7,-1.9
2004/2/12,5.4,11.4,0.8
2004/2/13,5.8,12.0,-0.3
2004/2/14,7.3,12.9,1.3
2004/2/15,5.5,11.3,1.2
2004/2/16,4.0,9.6,0.3
2004/2/17,5.4,15.1,-0.9
2004/2/18,5.6,9.7,2.3
2004/2/19,7.1,14.3,-1.1
2004/2/20,7.0,12.5,2.0
2004/2/21,9.2,17.1,2.4
2004/2/22,13.5,21.3,5.2
2004/2/23,8.5,14.2,3.0
2004/2/24,6.3,11.7,1.1
2004/2/25,9.2,17.1,2.4
2004/2/26,7.9,17.9,1.7
2004/2/27,3.8,9.7,-1.2
2004/2/28,6.0,13.0,-0.6
2004/2/29,9.1,17.8,3.8
2004/3/1,5.2,8.8,1.2
2004/3/2,3.3,8.3,-1.1
2004/3/3,3.6,9.0,-1.2
2004/3/4,3.8,11.0,0.3
2004/3/5,4.4,14.2,-2.9
2004/3/6,3.8,12.3,-0.1
2004/3/7,2.0,7.3,-2.1
2004/3/8,3.0,9.2,-3.8
2004/3/9,7.1,15.5,0.3
2004/3/10,9.7,17.2,1.7
2004/3/11,12.6,23.0,7.3
2004/3/12,9.7,14.4,4.3
2004/3/13,7.5,17.5,2.0
2004/3/14,8.6,15.8,1.0
2004/3/15,9.9,16.6,4.8
2004/3/16,11.1,16.4,7.3
2004/3/17,14.9,23.9,6.2
2004/3/18,9.0,14.6,3.9
2004/3/19,6.4,12.4,0.4
2004/3/20,4.2,6.5,2.4
2004/3/21,7.3,13.9,-0.3
2004/3/22,3.1,7.8,0.4
2004/3/23,5.6,10.5,1.2
2004/3/24,7.7,10.7,5.2
2004/3/25,9.6,13.2,4.7
2004/3/26,8.6,13.7,4.4
2004/3/27,9.0,15.6,3.8
2004/3/28,10.5,18.7,1.9
2004/3/29,13.8,21.6,5.6
2004/3/30,14.1,21.5,9.5
2004/3/31,12.2,16.2,7.6
2004/4/1,12.5,19.0,5.2
2004/4/2,14.0,22.8,9.7
2004/4/3,12.9,20.0,6.8
2004/4/4,5.5,10.4,2.0
2004/4/5,9.1,16.8,1.3
2004/4/6,11.4,18.4,3.7
2004/4/7,15.3,21.6,8.4
2004/4/8,11.2,15.1,6.5
2004/4/9,12.4,20.3,3.6
2004/4/10,17.0,26.9,7.9
2004/4/11,16.0,21.9,10.4
2004/4/12,19.4,28.0,11.7
2004/4/13,10.7,18.0,8.1
2004/4/14,11.9,15.8,7.8
2004/4/15,15.6,22.9,7.5
2004/4/16,17.0,24.8,10.4
2004/4/17,18.3,27.5,11.6
2004/4/18,15.9,23.0,8.5
2004/4/19,14.9,17.3,12.9
2004/4/20,18.1,27.7,12.8
2004/4/21,19.1,28.2,10.2
2004/4/22,21.0,29.7,11.5
2004/4/23,18.1,26.0,10.0
2004/4/24,10.2,15.7,6.2
2004/4/25,12.2,21.3,3.2
2004/4/26,15.7,23.3,8.9
2004/4/27,14.1,17.1,10.5
2004/4/28,14.6,19.3,11.0
2004/4/29,17.3,25.0,9.6
2004/4/30,19.2,27.4,10.9
2004/5/1,19.7,27.6,11.7
2004/5/2,13.3,18.8,10.1
2004/5/3,15.1,21.0,8.6
2004/5/4,17.7,23.4,15.0
2004/5/5,12.8,16.7,11.6
2004/5/6,13.3,15.3,10.9
2004/5/7,17.6,25.2,10.3
2004/5/8,19.0,24.6,13.3
2004/5/9,16.2,19.2,14.4
2004/5/10,16.7,19.1,14.3
2004/5/11,21.5,28.1,15.6
2004/5/12,19.9,24.9,15.7
2004/5/13,18.9,22.6,16.1
2004/5/14,21.7,28.3,15.3
2004/5/15,18.7,24.6,12.5
2004/5/16,18.2,20.8,16.4
2004/5/17,20.4,24.2,18.2
2004/5/18,20.7,25.6,17.3
2004/5/19,17.0,20.5,14.8
2004/5/20,15.2,16.5,14.1
2004/5/21,19.5,26.6,13.8
2004/5/22,14.3,16.1,12.8
2004/5/23,14.0,17.4,12.4
2004/5/24,17.4,25.6,12.0
2004/5/25,18.7,24.3,12.9
2004/5/26,20.6,27.8,12.9
2004/5/27,22.1,27.6,17.2
2004/5/28,22.4,26.5,19.9
2004/5/29,24.1,29.1,19.4
2004/5/30,26.4,32.3,20.7
2004/5/31,23.7,33.8,17.0
2004/6/1,16.7,18.7,14.2
2004/6/2,19.1,26.0,12.1
2004/6/3,19.9,25.9,14.4
2004/6/4,22.0,29.7,13.5
2004/6/5,22.5,29.9,14.7
2004/6/6,20.9,26.5,17.1
2004/6/7,22.7,26.1,19.8
2004/6/8,21.6,25.9,17.4
2004/6/9,17.9,19.7,16.5
2004/6/10,21.7,26.3,17.3
2004/6/11,19.2,23.3,15.8
2004/6/12,20.6,26.8,15.8
2004/6/13,20.5,25.6,15.5
2004/6/14,21.4,29.0,13.1
2004/6/15,23.7,31.4,16.4
2004/6/16,21.3,27.3,16.7
2004/6/17,21.9,28.3,14.6
2004/6/18,25.1,30.5,20.3
2004/6/19,26.0,31.2,21.7
2004/6/20,26.8,33.7,21.2
2004/6/21,25.5,28.6,23.5
2004/6/22,28.5,35.5,23.8
2004/6/23,27.3,32.5,22.6
2004/6/24,28.2,34.7,21.8
2004/6/25,25.0,26.4,23.3
2004/6/26,25.2,27.9,23.1
2004/6/27,22.5,25.8,19.7
2004/6/28,24.8,28.8,21.6
2004/6/29,26.1,32.0,21.7
2004/6/30,26.2,31.8,21.4
2004/7/1,26.2,33.3,21.8
2004/7/2,24.8,30.7,20.4
2004/7/3,24.0,31.0,18.6
2004/7/4,25.6,32.3,18.3
2004/7/5,27.2,31.1,24.5
2004/7/6,30.0,36.0,24.7
2004/7/7,31.0,36.5,25.7
2004/7/8,30.5,36.7,24.7
2004/7/9,28.4,36.3,22.8
2004/7/10,25.7,32.9,23.3
2004/7/11,25.7,31.6,21.8
2004/7/12,25.5,31.2,19.8
2004/7/13,28.7,37.0,22.5
2004/7/14,25.9,31.3,21.6
2004/7/15,28.5,35.4,23.4
2004/7/16,28.0,34.6,23.3
2004/7/17,28.9,36.4,24.0
2004/7/18,27.7,34.5,21.7
2004/7/19,28.7,34.6,23.2
2004/7/20,30.9,38.4,25.4
2004/7/21,29.4,36.1,24.5
2004/7/22,29.0,35.7,23.7
2004/7/23,28.6,35.4,24.1
2004/7/24,29.7,35.9,23.8
2004/7/25,27.5,35.3,23.0
2004/7/26,25.6,29.5,23.2
2004/7/27,28.6,34.8,22.3
2004/7/28,29.1,35.8,24.7
2004/7/29,26.0,28.1,24.5
2004/7/30,28.0,33.9,24.4
2004/7/31,27.7,33.8,24.1
2004/8/1,27.8,33.1,24.5
2004/8/2,27.5,33.1,23.7
2004/8/3,27.9,33.4,23.1
2004/8/4,28.8,34.2,25.3
2004/8/5,26.8,29.1,24.3
2004/8/6,28.6,36.0,24.6
2004/8/7,25.7,33.4,22.2
2004/8/8,27.2,33.1,21.0
2004/8/9,27.3,34.9,23.1
2004/8/10,27.9,33.1,22.2
2004/8/11,27.5,33.1,22.5
2004/8/12,28.3,34.8,22.5
2004/8/13,29.2,35.7,23.5
2004/8/14,28.5,34.1,23.3
2004/8/15,20.5,25.9,17.7
2004/8/16,24.9,32.6,17.2
2004/8/17,25.1,29.7,22.4
2004/8/18,28.9,36.5,22.4
2004/8/19,30.3,36.7,23.9
2004/8/20,27.3,31.7,21.3
2004/8/21,24.0,28.6,19.2
2004/8/22,23.8,27.2,20.6
2004/8/23,19.3,21.7,16.7
2004/8/24,24.2,30.7,18.3
2004/8/25,24.8,30.3,20.6
2004/8/26,24.1,28.4,21.2
2004/8/27,23.4,27.5,21.1
2004/8/28,20.6,23.2,17.6
2004/8/29,19.8,21.6,17.7
2004/8/30,23.0,26.1,20.2
2004/8/31,28.2,35.8,23.3
2004/9/1,26.8,32.5,20.7
2004/9/2,22.9,25.7,21.4
2004/9/3,24.5,29.4,19.8
2004/9/4,23.0,28.5,20.0
2004/9/5,20.3,21.8,18.9
2004/9/6,23.4,26.8,19.8
2004/9/7,25.7,31.9,21.0
2004/9/8,28.3,34.9,22.8
2004/9/9,24.0,27.5,20.3
2004/9/10,22.9,27.4,20.2
2004/9/11,22.2,26.2,20.1
2004/9/12,23.8,28.8,19.9
2004/9/13,25.6,31.0,20.8
2004/9/14,25.6,32.5,20.9
2004/9/15,21.4,27.4,15.4
2004/9/16,21.0,26.9,15.8
2004/9/17,23.0,27.7,19.0
2004/9/18,24.9,29.8,19.9
2004/9/19,26.3,32.0,22.1
2004/9/20,25.8,30.3,22.5
2004/9/21,26.9,32.9,22.6
2004/9/22,24.0,30.2,19.7
2004/9/23,21.2,24.0,19.6
2004/9/24,20.1,21.0,19.1
2004/9/25,23.6,29.1,19.9
2004/9/26,20.5,22.8,18.5
2004/9/27,19.3,21.1,17.8
2004/9/28,21.7,25.8,18.2
2004/9/29,19.6,21.8,18.0
2004/9/30,23.0,27.9,18.4
2004/10/1,20.5,27.3,15.2
2004/10/2,21.1,27.3,14.7
2004/10/3,17.7,21.5,15.8
2004/10/4,16.9,19.2,15.9
2004/10/5,16.1,17.2,15.3
2004/10/6,19.2,24.8,14.8
2004/10/7,17.8,24.0,12.5
2004/10/8,15.6,17.9,14.1
2004/10/9,16.5,18.1,14.1
2004/10/10,17.1,18.5,16.3
2004/10/11,18.4,21.7,16.0
2004/10/12,19.9,23.5,17.3
2004/10/13,19.1,24.9,16.1
2004/10/14,15.5,18.5,11.6
2004/10/15,14.5,20.2,9.7
2004/10/16,13.1,17.9,9.8
2004/10/17,15.2,20.9,10.3
2004/10/18,14.4,20.3,9.0
2004/10/19,15.2,17.9,13.2
2004/10/20,15.6,16.4,14.8
2004/10/21,17.4,22.0,12.8
2004/10/22,16.1,22.2,10.2
2004/10/23,15.0,19.8,10.7
2004/10/24,12.4,17.9,7.6
2004/10/25,15.4,21.3,9.4
2004/10/26,13.8,15.3,11.8
2004/10/27,10.6,14.9,6.6
2004/10/28,9.1,15.1,3.9
2004/10/29,10.9,16.5,5.0
2004/10/30,11.7,13.8,9.5
2004/10/31,16.8,22.5,12.5
2004/11/1,16.7,18.1,14.4
2004/11/2,17.2,22.8,12.3
2004/11/3,16.9,21.1,13.8
2004/11/4,14.7,22.4,9.8
2004/11/5,14.5,21.5,8.7
2004/11/6,15.6,20.9,13.0
2004/11/7,16.3,22.9,10.7
2004/11/8,15.0,17.8,12.1
2004/11/9,14.6,21.8,9.8
2004/11/10,14.8,20.6,10.1
2004/11/11,14.8,17.7,12.9
2004/11/12,15.8,18.3,13.9
2004/11/13,13.2,16.5,10.1
2004/11/14,11.9,15.6,10.4
2004/11/15,12.1,15.8,9.8
2004/11/16,12.4,18.0,8.2
2004/11/17,11.4,18.9,5.6
2004/11/18,10.7,13.5,8.6
2004/11/19,12.1,14.0,9.9
2004/11/20,12.6,18.5,8.0
2004/11/21,11.7,17.1,6.1
2004/11/22,11.7,18.2,6.4
2004/11/23,11.0,17.0,6.4
2004/11/24,13.0,21.0,6.3
2004/11/25,11.7,16.7,6.6
2004/11/26,9.5,15.1,4.1
2004/11/27,13.7,18.6,8.0
2004/11/28,9.8,14.8,5.1
2004/11/29,9.3,15.9,4.4
2004/11/30,7.8,14.8,3.5
2004/12/1,8.5,15.7,2.2
2004/12/2,9.3,14.3,4.4
2004/12/3,6.6,13.0,0.8
2004/12/4,9.1,13.8,3.8
2004/12/5,13.7,25.2,6.5
2004/12/6,8.0,12.3,4.7
2004/12/7,7.2,12.6,2.4
2004/12/8,10.4,16.3,5.2
2004/12/9,8.1,9.2,6.7
2004/12/10,11.6,17.7,7.7
2004/12/11,10.1,15.8,5.5
2004/12/12,6.4,10.3,2.3
2004/12/13,9.5,15.3,6.0
2004/12/14,5.8,10.6,1.9
2004/12/15,7.2,12.8,2.8
2004/12/16,10.6,20.5,6.1
2004/12/17,6.8,10.1,2.7
2004/12/18,6.1,11.7,1.0
2004/12/19,8.9,12.4,5.7
2004/12/20,9.2,13.6,6.3
2004/12/21,7.6,11.1,4.7
2004/12/22,6.2,12.3,2.2
2004/12/23,4.9,8.7,1.8
2004/12/24,4.6,10.9,-0.6
2004/12/25,5.0,12.0,0.5
2004/12/26,4.6,11.0,0.5
2004/12/27,4.1,10.5,0.0
2004/12/28,4.0,9.4,-1.3
2004/12/29,2.0,3.8,0.5
2004/12/30,2.1,7.1,-1.5
2004/12/31,-0.5,1.3,-2.8
2005/1/1,1.3,6.5,-2.4
2005/1/2,1.5,8.6,-4.1
2005/1/3,2.8,8.4,-2.1
2005/1/4,5.9,16.3,0.3
2005/1/5,2.1,6.3,-1.6
2005/1/6,1.0,4.5,-2.4
2005/1/7,6.1,15.2,0.2
2005/1/8,2.2,7.1,-1.6
2005/1/9,0.2,6.0,-3.4
2005/1/10,1.5,8.7,-4.5
2005/1/11,2.1,8.1,-2.0
2005/1/12,0.8,6.7,-2.3
2005/1/13,3.1,10.0,-2.8
2005/1/14,4.4,10.9,-0.9
2005/1/15,2.1,3.8,0.5
2005/1/16,3.2,5.9,0.5
2005/1/17,4.9,9.7,1.5
2005/1/18,4.7,10.4,-0.4
2005/1/19,4.3,9.4,1.3
2005/1/20,4.2,10.9,0.3
2005/1/21,2.8,7.7,-0.4
2005/1/22,2.3,7.1,-1.5
2005/1/23,1.3,4.7,-2.1
2005/1/24,2.3,8.1,-3.4
2005/1/25,5.4,8.7,3.7
2005/1/26,3.3,7.8,0.6
2005/1/27,3.4,9.9,-1.3
2005/1/28,5.2,10.8,0.4
2005/1/29,5.6,10.9,1.1
2005/1/30,4.1,7.1,0.7
2005/1/31,3.0,10.4,-1.5
2005/2/1,1.5,6.4,-2.2
2005/2/2,0.7,5.7,-2.5
2005/2/3,1.7,8.3,-2.5
2005/2/4,2.9,8.9,-2.6
2005/2/5,3.9,8.7,0.2
2005/2/6,3.1,7.9,-1.5
2005/2/7,3.6,9.6,-2.0
2005/2/8,3.0,5.8,0.1
2005/2/9,4.5,10.6,-1.3
2005/2/10,5.5,11.8,0.9
2005/2/11,2.1,7.0,-1.1
2005/2/12,1.7,6.5,-2.6
2005/2/13,2.8,8.8,-2.2
2005/2/14,2.9,7.4,-0.7
2005/2/15,5.9,14.0,-2.2
2005/2/16,2.5,6.5,0.3
2005/2/17,6.8,12.0,2.6
2005/2/18,4.4,8.7,0.6
2005/2/19,2.0,5.0,0.1
2005/2/20,6.4,11.0,2.7
2005/2/21,3.5,11.2,-1.6
2005/2/22,3.6,11.3,-2.8
2005/2/23,6.4,16.8,0.2
2005/2/24,5.4,10.1,0.6
2005/2/25,2.6,4.3,0.6
2005/2/26,1.7,6.9,-2.3
2005/2/27,1.8,7.1,-3.1
2005/2/28,3.6,11.6,-3.1
2005/3/1,2.5,7.6,-0.3
2005/3/2,3.3,9.6,-3.2
2005/3/3,4.5,11.2,-1.5
2005/3/4,1.5,3.7,0.2
2005/3/5,3.6,8.6,0.3
2005/3/6,3.3,9.0,-0.3
2005/3/7,5.0,12.0,-1.4
2005/3/8,9.3,19.1,1.2
2005/3/9,9.5,15.9,3.9
2005/3/10,7.5,12.7,2.6
2005/3/11,7.6,11.0,4.1
2005/3/12,7.8,15.6,0.7
2005/3/13,2.8,8.5,-1.0
2005/3/14,3.1,10.3,-2.7
2005/3/15,4.6,11.0,-1.2
2005/3/16,9.7,18.4,1.9
2005/3/17,9.6,13.1,6.3
2005/3/18,11.0,18.6,4.0
2005/3/19,6.1,11.9,1.4
2005/3/20,5.7,10.3,1.1
2005/3/21,9.0,16.1,3.8
2005/3/22,8.0,12.8,3.7
2005/3/23,10.0,15.4,5.8
2005/3/24,8.6,14.1,4.1
2005/3/25,4.3,8.6,1.0
2005/3/26,5.8,11.5,0.2
2005/3/27,10.0,17.6,0.6
2005/3/28,8.4,9.9,7.3
2005/3/29,9.2,13.8,3.7
2005/3/30,6.9,12.0,1.9
2005/3/31,7.9,14.5,0.9
2005/4/1,8.5,15.4,1.6
2005/4/2,8.8,14.5,1.9
2005/4/3,11.8,20.5,7.0
2005/4/4,7.2,12.3,2.8
2005/4/5,9.5,17.7,1.0
2005/4/6,17.6,26.4,8.2
2005/4/7,19.4,26.7,13.9
2005/4/8,15.1,18.9,9.6
2005/4/9,15.0,22.7,6.3
2005/4/10,16.5,21.9,11.1
2005/4/11,13.2,19.4,6.6
2005/4/12,7.1,7.7,6.5
2005/4/13,9.1,13.8,6.7
2005/4/14,12.8,19.6,4.5
2005/4/15,15.3,22.0,8.3
2005/4/16,13.2,18.9,9.3
2005/4/17,14.0,23.9,6.7
2005/4/18,13.0,17.9,9.5
2005/4/19,14.8,24.8,7.3
2005/4/20,9.5,11.1,8.0
2005/4/21,14.7,22.2,9.4
2005/4/22,12.4,18.4,7.4
2005/4/23,12.6,19.8,4.9
2005/4/24,12.9,21.2,5.6
2005/4/25,15.1,20.8,10.5
2005/4/26,14.8,21.5,9.2
2005/4/27,15.8,23.6,7.6
2005/4/28,20.6,29.9,11.3
2005/4/29,22.2,31.6,16.3
2005/4/30,19.6,26.0,13.8
2005/5/1,17.3,23.0,12.0
2005/5/2,18.2,23.8,12.1
2005/5/3,16.4,24.2,8.6
2005/5/4,18.5,26.7,10.2
2005/5/5,18.8,24.8,14.0
2005/5/6,13.0,15.4,9.5
2005/5/7,15.4,26.5,9.4
2005/5/8,14.4,20.8,9.3
2005/5/9,17.6,24.8,12.9
2005/5/10,15.4,20.8,10.9
2005/5/11,12.3,15.6,7.2
2005/5/12,12.0,15.5,8.1
2005/5/13,12.5,16.5,10.3
2005/5/14,13.3,19.8,9.2
2005/5/15,13.9,20.7,10.5
2005/5/16,14.6,20.6,9.3
2005/5/17,15.7,23.2,8.6
2005/5/18,16.4,19.5,12.1
2005/5/19,19.7,26.4,13.6
2005/5/20,18.9,25.8,11.2
2005/5/21,20.9,29.1,12.8
2005/5/22,19.5,25.1,15.6
2005/5/23,19.1,28.4,14.5
2005/5/24,16.4,23.7,12.9
2005/5/25,17.3,24.6,10.4
2005/5/26,18.3,24.5,10.9
2005/5/27,19.1,25.2,14.0
2005/5/28,20.5,26.4,15.4
2005/5/29,20.4,26.6,16.2
2005/5/30,17.8,21.3,15.1
2005/5/31,18.8,25.0,14.3
2005/6/1,22.3,29.9,13.9
2005/6/2,19.7,23.2,17.3
2005/6/3,20.2,27.3,15.8
2005/6/4,18.5,22.8,16.4
2005/6/5,20.9,27.8,15.5
2005/6/6,22.7,29.6,16.5
2005/6/7,20.7,25.4,17.3
2005/6/8,21.3,26.7,18.2
2005/6/9,22.7,28.9,15.8
2005/6/10,21.5,27.0,19.5
2005/6/11,21.7,24.2,19.4
2005/6/12,25.9,33.5,19.9
2005/6/13,24.3,31.0,20.7
2005/6/14,22.9,28.7,19.2
2005/6/15,19.5,23.4,18.2
2005/6/16,18.4,20.0,17.0
2005/6/17,21.0,25.7,16.9
2005/6/18,23.2,28.7,19.1
2005/6/19,23.8,28.8,20.2
2005/6/20,24.5,31.2,21.5
2005/6/21,25.9,31.8,20.5
2005/6/22,23.0,26.3,20.7
2005/6/23,24.4,29.4,21.2
2005/6/24,27.8,34.4,21.8
2005/6/25,29.1,35.8,22.2
2005/6/26,29.9,36.1,24.8
2005/6/27,28.4,33.0,24.5
2005/6/28,27.9,34.1,23.5
2005/6/29,25.3,30.4,22.3
2005/6/30,25.7,31.7,21.5
2005/7/1,24.6,26.5,23.6
2005/7/2,26.9,33.6,20.9
2005/7/3,20.4,23.2,18.2
2005/7/4,19.2,20.4,17.8
2005/7/5,25.0,32.3,19.7
2005/7/6,21.4,24.4,19.2
2005/7/7,23.1,28.2,19.1
2005/7/8,23.0,27.0,19.8
2005/7/9,20.5,22.8,19.3
2005/7/10,25.1,30.2,19.2
2005/7/11,28.2,32.8,24.2
2005/7/12,22.2,24.6,19.5
2005/7/13,19.9,21.5,18.5
2005/7/14,23.1,27.8,19.1
2005/7/15,27.1,32.8,22.4
2005/7/16,26.3,31.1,22.8
2005/7/17,27.3,33.3,22.4
2005/7/18,28.8,35.7,23.4
2005/7/19,26.5,30.7,22.2
2005/7/20,24.0,29.4,20.0
2005/7/21,27.1,32.8,20.9
2005/7/22,25.5,32.6,19.8
2005/7/23,21.7,25.3,19.1
2005/7/24,25.0,30.0,20.5
2005/7/25,25.4,29.7,23.1
2005/7/26,23.6,25.1,22.4
2005/7/27,27.4,31.9,23.1
2005/7/28,27.3,33.5,20.4
2005/7/29,28.0,32.9,21.9
2005/7/30,28.3,34.3,22.7
2005/7/31,27.0,32.4,22.3
2005/8/1,27.8,31.5,24.2
2005/8/2,29.0,33.3,25.5
2005/8/3,28.6,34.1,24.8
2005/8/4,28.9,36.1,25.4
2005/8/5,30.7,36.2,25.5
2005/8/6,30.5,36.2,26.1
2005/8/7,28.5,36.2,22.6
2005/8/8,27.3,34.2,23.3
2005/8/9,27.9,32.6,24.2
2005/8/10,26.5,30.4,24.6
2005/8/11,27.6,32.3,23.4
2005/8/12,25.3,28.3,23.2
2005/8/13,26.1,31.6,23.1
2005/8/14,27.3,33.5,23.4
2005/8/15,27.6,32.2,23.4
2005/8/16,25.4,28.9,21.8
2005/8/17,26.3,31.1,21.6
2005/8/18,26.7,31.7,24.0
2005/8/19,27.3,32.2,23.8
2005/8/20,26.9,33.8,23.7
2005/8/21,27.6,32.5,23.7
2005/8/22,28.1,32.8,23.5
2005/8/23,26.2,32.3,21.4
2005/8/24,22.8,25.2,20.9
2005/8/25,22.4,25.2,21.0
2005/8/26,28.0,33.6,22.8
2005/8/27,27.1,32.3,22.5
2005/8/28,22.8,25.2,20.2
2005/8/29,25.0,31.5,19.1
2005/8/30,24.8,29.0,20.4
2005/8/31,24.1,29.9,19.6
2005/9/1,26.7,32.4,20.9
2005/9/2,27.8,33.3,22.6
2005/9/3,27.8,32.8,23.8
2005/9/4,25.7,30.8,23.4
2005/9/5,22.2,23.6,20.9
2005/9/6,22.8,24.6,20.9
2005/9/7,26.7,30.2,23.6
2005/9/8,27.4,33.5,22.2
2005/9/9,24.5,26.4,23.4
2005/9/10,26.0,30.5,21.7
2005/9/11,24.3,30.1,21.6
2005/9/12,25.8,31.4,19.6
2005/9/13,27.9,34.9,22.2
2005/9/14,27.3,32.2,23.2
2005/9/15,24.3,29.8,19.7
2005/9/16,21.4,25.3,18.8
2005/9/17,21.7,27.2,16.2
2005/9/18,24.1,30.0,18.1
2005/9/19,26.3,33.5,21.5
2005/9/20,22.9,25.2,21.0
2005/9/21,22.1,27.1,18.2
2005/9/22,18.7,19.7,17.6
2005/9/23,23.0,27.5,19.4
2005/9/24,21.7,22.7,19.3
2005/9/25,20.8,23.6,19.2
2005/9/26,21.0,26.7,16.2
2005/9/27,19.8,24.1,17.7
2005/9/28,17.8,21.4,14.8
2005/9/29,19.9,25.0,16.7
2005/9/30,19.0,22.8,16.0
2005/10/1,20.8,25.9,15.6
2005/10/2,24.6,31.6,18.1
2005/10/3,22.7,28.2,18.5
2005/10/4,19.0,23.2,17.0
2005/10/5,17.5,18.7,16.3
2005/10/6,18.4,21.4,16.4
2005/10/7,19.5,23.0,17.2
2005/10/8,20.7,23.5,17.5
2005/10/9,17.2,18.7,16.1
2005/10/10,16.7,18.2,16.0
2005/10/11,17.6,20.1,16.0
2005/10/12,18.4,22.8,14.7
2005/10/13,17.3,21.6,13.6
2005/10/14,19.2,24.0,13.6
2005/10/15,18.9,22.0,17.4
2005/10/16,18.6,21.9,16.5
2005/10/17,17.3,18.9,15.7
2005/10/18,16.2,17.8,14.9
2005/10/19,17.8,23.0,14.6
2005/10/20,16.5,21.9,12.5
2005/10/21,17.1,21.9,12.6
2005/10/22,15.6,18.1,11.6
2005/10/23,15.1,22.1,9.6
2005/10/24,16.4,22.2,11.4
2005/10/25,15.6,22.6,10.5
2005/10/26,14.2,18.5,10.2
2005/10/27,14.6,17.9,13.0
2005/10/28,15.5,20.5,10.7
2005/10/29,16.0,19.8,12.4
2005/10/30,15.9,20.3,13.7
2005/10/31,13.3,19.1,8.4
2005/11/1,11.4,17.7,6.3
2005/11/2,11.9,18.7,6.4
2005/11/3,12.4,18.1,9.9
2005/11/4,14.8,22.6,9.7
2005/11/5,14.7,21.3,9.8
2005/11/6,12.4,13.8,11.5
2005/11/7,16.2,22.9,11.8
2005/11/8,13.7,22.8,7.8
2005/11/9,12.1,20.0,5.4
2005/11/10,11.5,17.1,7.2
2005/11/11,11.5,17.3,7.3
2005/11/12,11.9,17.7,6.8
2005/11/13,10.3,16.7,4.8
2005/11/14,10.6,14.3,6.4
2005/11/15,9.1,13.7,6.9
2005/11/16,8.0,14.2,3.1
2005/11/17,7.1,13.1,1.7
2005/11/18,7.2,12.6,1.5
2005/11/19,7.8,12.5,4.3
2005/11/20,6.7,12.4,2.5
2005/11/21,5.5,11.9,0.5
2005/11/22,7.5,14.6,2.5
2005/11/23,9.3,14.0,4.8
2005/11/24,10.9,18.8,6.0
2005/11/25,8.4,14.4,4.0
2005/11/26,9.9,17.7,4.6
2005/11/27,10.2,17.9,6.2
2005/11/28,10.9,16.9,4.5
2005/11/29,10.3,16.9,6.0
2005/11/30,7.0,13.1,3.6
2005/12/1,6.7,13.3,1.2
2005/12/2,7.6,14.4,2.4
2005/12/3,5.6,10.2,2.4
2005/12/4,3.9,6.4,1.7
2005/12/5,5.0,11.1,1.0
2005/12/6,5.3,10.9,2.2
2005/12/7,5.1,9.5,0.8
2005/12/8,5.4,10.8,0.5
2005/12/9,6.2,14.3,1.4
2005/12/10,6.0,12.9,0.7
2005/12/11,3.5,6.9,-0.5
2005/12/12,1.6,6.0,-2.6
2005/12/13,1.7,7.0,-1.9
2005/12/14,2.4,10.0,-3.1
2005/12/15,2.4,8.0,-1.7
2005/12/16,3.4,10.9,-0.8
2005/12/17,4.3,11.4,-1.0
2005/12/18,0.2,3.6,-2.0
2005/12/19,0.6,4.5,-3.1
2005/12/20,3.1,9.6,-2.1
2005/12/21,3.1,8.7,-0.3
2005/12/22,0.9,6.2,-2.6
2005/12/23,1.6,8.6,-3.9
2005/12/24,1.6,6.4,-1.0
2005/12/25,1.8,8.3,-3.0
2005/12/26,2.5,6.4,-2.0
2005/12/27,0.5,6.2,-4.5
2005/12/28,0.2,4.6,-4.4
2005/12/29,1.1,6.6,-4.1
2005/12/30,1.6,7.3,-3.1
2005/12/31,2.0,5.6,-2.2
2006/1/1,1.3,6.4,-2.4
2006/1/2,3.7,7.6,0.8
2006/1/3,2.0,6.5,-0.6
2006/1/4,1.2,4.8,-1.2
2006/1/5,0.6,5.9,-2.9
2006/1/6,-1.0,3.6,-6.1
2006/1/7,-0.3,6.2,-4.6
2006/1/8,0.4,7.0,-4.6
2006/1/9,1.1,7.5,-4.2
2006/1/10,2.5,8.3,-0.6
2006/1/11,3.3,9.5,-0.9
2006/1/12,2.4,7.3,-1.6
2006/1/13,1.5,4.8,-2.8
2006/1/14,5.2,10.6,0.2
2006/1/15,8.5,13.3,4.7
2006/1/16,6.5,10.8,1.7
2006/1/17,4.6,7.5,1.0
2006/1/18,3.2,7.6,0.8
2006/1/19,1.4,6.2,-2.5
2006/1/20,1.7,7.8,-3.0
2006/1/21,1.4,4.4,-0.6
2006/1/22,2.6,9.3,-1.2
2006/1/23,-0.3,2.5,-3.0
2006/1/24,1.8,6.8,-1.6
2006/1/25,2.0,7.7,-2.8
2006/1/26,3.3,9.0,-1.4
2006/1/27,3.5,10.7,-0.8
2006/1/28,2.4,7.4,-1.7
2006/1/29,2.8,9.5,-2.8
2006/1/30,7.6,15.0,0.3
2006/1/31,5.4,9.2,3.5
2006/2/1,4.2,6.4,3.4
2006/2/2,4.5,9.0,0.7
2006/2/3,2.7,12.9,-2.6
2006/2/4,-1.4,3.3,-4.6
2006/2/5,-1.1,3.8,-6.0
2006/2/6,0.2,4.9,-3.8
2006/2/7,4.6,10.2,-0.7
2006/2/8,5.4,13.2,-0.1
2006/2/9,1.7,6.1,-1.7
2006/2/10,2.3,9.0,-4.3
2006/2/11,6.0,13.0,0.1
2006/2/12,2.3,5.5,-0.3
2006/2/13,3.5,11.0,-3.2
2006/2/14,7.6,14.0,-0.8
2006/2/15,13.4,21.0,7.1
2006/2/16,7.8,9.4,6.6
2006/2/17,4.5,7.5,-0.3
2006/2/18,3.1,9.0,-1.9
2006/2/19,4.3,9.7,-1.2
2006/2/20,3.5,7.2,1.4
2006/2/21,6.8,11.3,2.3
2006/2/22,8.4,12.2,4.4
2006/2/23,11.0,16.5,7.3
2006/2/24,5.9,7.8,4.4
2006/2/25,7.1,12.8,1.5
2006/2/26,6.3,10.9,3.6
2006/2/27,5.2,10.7,1.2
2006/2/28,3.3,7.9,-0.2
2006/3/1,4.7,8.1,1.6
2006/3/2,6.9,13.0,1.8
2006/3/3,4.3,11.1,0.4
2006/3/4,4.2,11.8,-1.8
2006/3/5,6.0,13.4,0.1
2006/3/6,8.9,16.2,3.5
2006/3/7,7.5,10.6,3.6
2006/3/8,8.7,16.3,2.9
2006/3/9,7.4,12.8,3.0
2006/3/10,6.8,9.0,4.9
2006/3/11,10.2,17.1,3.1
2006/3/12,10.3,16.9,5.6
2006/3/13,3.3,7.0,-0.1
2006/3/14,2.3,8.7,-2.8
2006/3/15,6.5,15.5,-2.0
2006/3/16,8.3,13.7,2.2
2006/3/17,9.1,13.8,5.9
2006/3/18,9.7,14.6,4.1
2006/3/19,7.6,14.6,2.4
2006/3/20,6.1,12.0,0.9
2006/3/21,8.5,17.5,1.0
2006/3/22,8.8,15.8,3.0
2006/3/23,10.1,19.0,4.9
2006/3/24,7.9,12.8,4.7
2006/3/25,9.4,16.1,2.0
2006/3/26,11.1,15.9,7.5
2006/3/27,11.6,17.9,7.2
2006/3/28,11.7,15.6,6.1
2006/3/29,6.0,10.3,1.8
2006/3/30,4.2,10.8,0.0
2006/3/31,5.4,10.4,0.1
2006/4/1,10.9,18.5,2.8
2006/4/2,10.1,14.1,7.6
2006/4/3,11.0,15.5,7.2
2006/4/4,14.9,23.1,6.6
2006/4/5,10.5,13.9,8.8
2006/4/6,8.4,12.6,4.6
2006/4/7,8.7,13.7,4.2
2006/4/8,9.2,15.6,6.7
2006/4/9,9.8,14.5,5.7
2006/4/10,7.8,11.0,4.2
2006/4/11,8.6,9.5,7.4
2006/4/12,13.6,17.2,9.4
2006/4/13,16.5,21.2,11.5
2006/4/14,14.7,19.8,10.1
2006/4/15,11.2,15.6,6.9
2006/4/16,10.9,17.1,6.9
2006/4/17,11.4,16.8,6.9
2006/4/18,15.2,23.6,7.0
2006/4/19,15.3,18.7,11.6
2006/4/20,13.6,18.9,8.2
2006/4/21,10.4,17.5,6.1
2006/4/22,12.6,19.2,5.1
2006/4/23,13.7,18.6,9.3
2006/4/24,15.7,23.5,10.8
2006/4/25,11.3,16.1,7.9
2006/4/26,12.1,17.3,4.4
2006/4/27,12.1,17.3,9.1
2006/4/28,14.8,22.2,6.7
2006/4/29,14.5,19.5,8.3
2006/4/30,17.6,23.5,13.1
2006/5/1,21.2,29.5,13.4
2006/5/2,14.0,18.4,8.6
2006/5/3,13.2,19.8,5.3
2006/5/4,15.9,23.1,8.1
2006/5/5,19.6,26.3,11.7
2006/5/6,20.5,26.5,14.4
2006/5/7,16.8,18.9,14.3
2006/5/8,17.0,25.0,12.0
2006/5/9,14.8,18.7,11.3
2006/5/10,16.9,19.8,13.9
2006/5/11,19.4,25.7,14.7
2006/5/12,16.3,20.7,11.8
2006/5/13,11.7,15.2,9.5
2006/5/14,16.7,22.0,10.9
2006/5/15,17.7,23.3,10.5
2006/5/16,17.7,20.8,14.5
2006/5/17,17.0,22.0,13.0
2006/5/18,17.7,21.9,14.0
2006/5/19,16.6,17.9,14.8
2006/5/20,20.8,28.8,16.8
2006/5/21,21.2,28.8,13.9
2006/5/22,19.7,23.9,16.5
2006/5/23,20.0,22.7,17.6
2006/5/24,20.3,28.5,14.7
2006/5/25,19.2,25.6,11.9
2006/5/26,18.0,20.5,15.3
2006/5/27,16.5,17.6,15.2
2006/5/28,19.1,25.6,15.7
2006/5/29,20.3,25.2,16.6
2006/5/30,20.2,27.4,16.4
2006/5/31,22.1,29.9,14.7
2006/6/1,23.4,31.0,16.5
2006/6/2,22.4,26.2,19.5
2006/6/3,17.7,19.5,16.1
2006/6/4,17.1,20.0,15.0
2006/6/5,18.9,24.3,14.5
2006/6/6,18.9,23.4,16.1
2006/6/7,19.2,24.4,14.0
2006/6/8,18.4,21.4,16.1
2006/6/9,17.8,20.4,16.6
2006/6/10,22.3,28.3,16.1
2006/6/11,18.0,20.2,16.8
2006/6/12,19.3,22.8,15.3
2006/6/13,21.0,25.8,17.6
2006/6/14,21.7,24.9,19.5
2006/6/15,20.6,23.2,18.7
2006/6/16,22.6,29.0,19.1
2006/6/17,24.9,30.0,20.0
2006/6/18,22.1,24.5,19.6
2006/6/19,24.5,29.9,18.7
2006/6/20,24.4,30.0,19.5
2006/6/21,22.6,25.1,20.0
2006/6/22,21.1,24.1,18.7
2006/6/23,24.3,30.6,17.8
2006/6/24,25.2,30.4,20.8
2006/6/25,22.8,24.4,20.9
2006/6/26,21.4,23.2,20.3
2006/6/27,24.8,30.9,20.2
2006/6/28,25.8,32.5,22.4
2006/6/29,27.2,32.9,20.9
2006/6/30,26.3,29.2,23.3
2006/7/1,24.9,28.4,20.8
2006/7/2,24.9,28.0,22.5
2006/7/3,25.0,30.2,22.4
2006/7/4,25.5,32.8,20.1
2006/7/5,20.8,22.6,19.0
2006/7/6,24.5,28.7,20.9
2006/7/7,25.4,29.2,20.2
2006/7/8,25.8,31.1,21.8
2006/7/9,22.8,24.4,21.7
2006/7/10,25.2,28.4,21.7
2006/7/11,26.2,29.1,23.8
2006/7/12,26.1,29.7,24.3
2006/7/13,27.7,32.9,24.3
2006/7/14,29.6,37.2,24.8
2006/7/15,28.4,34.5,24.5
2006/7/16,25.7,27.8,23.4
2006/7/17,22.3,24.5,20.7
2006/7/18,20.0,21.0,19.1
2006/7/19,20.7,24.0,18.8
2006/7/20,20.9,24.0,19.0
2006/7/21,19.9,21.6,18.3
2006/7/22,22.0,25.0,18.7
2006/7/23,25.1,29.9,21.6
2006/7/24,22.8,24.3,20.9
2006/7/25,24.9,29.8,21.5
2006/7/26,27.6,32.9,22.8
2006/7/27,26.9,31.4,23.8
2006/7/28,26.0,28.7,23.2
2006/7/29,27.4,32.3,24.3
2006/7/30,26.0,31.9,21.3
2006/7/31,24.3,28.1,21.2
2006/8/1,22.5,26.6,20.2
2006/8/2,24.9,29.6,20.9
2006/8/3,28.2,34.4,22.1
2006/8/4,30.8,37.6,24.7
2006/8/5,30.4,37.0,23.8
2006/8/6,29.5,34.9,24.6
2006/8/7,29.4,35.2,24.2
2006/8/8,27.3,31.7,24.8
2006/8/9,25.7,29.7,22.8
2006/8/10,29.3,36.9,23.5
2006/8/11,28.0,33.5,22.2
2006/8/12,24.9,30.7,21.9
2006/8/13,27.0,32.8,20.5
2006/8/14,27.8,34.3,24.6
2006/8/15,26.9,31.2,22.7
2006/8/16,27.3,31.8,25.0
2006/8/17,26.8,30.0,24.5
2006/8/18,29.3,34.3,25.8
2006/8/19,29.9,34.8,26.1
2006/8/20,29.1,34.0,26.7
2006/8/21,27.2,32.3,23.9
2006/8/22,26.5,31.3,23.6
2006/8/23,28.0,32.7,23.1
2006/8/24,28.3,32.2,25.3
2006/8/25,27.8,32.5,22.7
2006/8/26,25.4,27.8,23.7
2006/8/27,23.1,24.9,21.7
2006/8/28,24.1,27.6,20.9
2006/8/29,27.5,33.2,22.3
2006/8/30,25.5,28.9,22.6
2006/8/31,26.6,32.9,20.9
2006/9/1,21.8,24.9,19.7
2006/9/2,24.3,29.1,19.1
2006/9/3,26.2,32.0,21.2
2006/9/4,26.0,30.9,21.4
2006/9/5,26.5,34.0,20.7
2006/9/6,20.9,24.1,19.3
2006/9/7,23.9,27.8,20.2
2006/9/8,25.2,27.6,23.3
2006/9/9,24.9,28.5,22.1
2006/9/10,27.8,33.3,24.5
2006/9/11,24.7,28.7,21.5
2006/9/12,19.7,21.8,17.7
2006/9/13,18.3,19.5,17.5
2006/9/14,19.2,22.4,17.2
2006/9/15,20.6,24.8,18.3
2006/9/16,19.9,22.4,18.0
2006/9/17,20.4,23.8,17.8
2006/9/18,21.0,23.8,18.7
2006/9/19,24.6,30.7,20.6
2006/9/20,23.8,29.8,18.4
2006/9/21,23.4,28.3,19.4
2006/9/22,21.6,25.0,19.7
2006/9/23,20.3,25.5,17.5
2006/9/24,20.8,25.7,15.6
2006/9/25,20.5,26.0,16.6
2006/9/26,18.1,21.9,15.8
2006/9/27,19.7,25.1,15.8
2006/9/28,22.2,27.4,16.6
2006/9/29,21.4,25.3,18.9
2006/9/30,22.2,27.3,17.9
2006/10/1,19.8,23.5,16.1
2006/10/2,17.7,19.8,15.7
2006/10/3,21.4,27.2,17.6
2006/10/4,20.2,22.3,18.2
2006/10/5,18.0,19.1,16.8
2006/10/6,17.2,18.9,15.6
2006/10/7,18.5,23.4,14.6
2006/10/8,18.7,23.3,14.6
2006/10/9,18.8,25.4,12.1
2006/10/10,19.2,25.7,13.7
2006/10/11,17.2,19.6,15.2
2006/10/12,20.3,26.4,15.6
2006/10/13,19.6,25.3,15.7
2006/10/14,16.0,19.0,13.8
2006/10/15,16.4,23.3,10.8
2006/10/16,19.3,24.5,13.8
2006/10/17,17.8,23.2,13.5
2006/10/18,18.6,24.6,14.1
2006/10/19,19.6,24.4,15.9
2006/10/20,20.3,26.5,16.4
2006/10/21,18.9,24.9,15.0
2006/10/22,17.3,21.5,14.7
2006/10/23,15.4,17.5,14.0
2006/10/24,14.3,15.4,13.2
2006/10/25,17.4,23.4,13.1
2006/10/26,17.7,23.9,11.8
2006/10/27,16.5,20.3,14.4
2006/10/28,16.8,20.8,14.0
2006/10/29,18.5,23.5,13.9
2006/10/30,17.4,21.7,12.9
2006/10/31,16.9,22.0,12.4
2006/11/1,15.5,21.3,10.0
2006/11/2,14.3,18.3,12.3
2006/11/3,15.0,20.4,10.4
2006/11/4,15.7,19.5,11.8
2006/11/5,15.4,20.6,11.3
2006/11/6,14.6,16.6,11.4
2006/11/7,14.1,21.4,7.2
2006/11/8,11.7,18.1,5.5
2006/11/9,12.4,19.2,6.6
2006/11/10,14.9,21.6,8.9
2006/11/11,13.4,14.0,12.1
2006/11/12,9.6,13.2,6.2
2006/11/13,11.3,18.9,5.4
2006/11/14,12.7,19.2,6.9
2006/11/15,12.8,18.0,7.0
2006/11/16,10.2,16.9,5.5
2006/11/17,8.1,12.3,4.7
2006/11/18,8.9,13.8,3.8
2006/11/19,7.5,9.0,6.1
2006/11/20,11.2,13.9,8.0
2006/11/21,13.0,18.8,8.7
2006/11/22,12.8,19.3,8.0
2006/11/23,10.4,14.2,8.4
2006/11/24,9.5,13.2,5.4
2006/11/25,6.0,11.3,1.2
2006/11/26,8.9,14.2,2.7
2006/11/27,12.9,16.5,9.0
2006/11/28,11.3,12.9,9.7
2006/11/29,11.0,17.1,7.3
2006/11/30,8.6,14.0,5.0
2006/12/1,7.3,14.2,2.4
2006/12/2,8.9,15.8,4.2
2006/12/3,6.6,11.8,2.4
2006/12/4,5.4,12.1,1.3
2006/12/5,4.3,9.6,0.0
2006/12/6,7.0,13.4,1.8
2006/12/7,6.7,11.4,2.8
2006/12/8,9.9,11.8,7.1
2006/12/9,6.2,8.0,5.4
2006/12/10,7.2,12.7,4.0
2006/12/11,7.2,12.4,2.9
2006/12/12,5.6,10.4,2.8
2006/12/13,7.0,12.5,1.8
2006/12/14,8.7,12.2,5.3
2006/12/15,9.9,13.3,5.9
2006/12/16,10.8,15.3,7.6
2006/12/17,9.1,14.4,4.6
2006/12/18,5.1,9.9,1.4
2006/12/19,4.1,9.8,-0.6
2006/12/20,5.5,12.0,0.8
2006/12/21,6.5,10.3,2.4
2006/12/22,6.8,10.3,3.8
2006/12/23,6.8,13.9,1.1
2006/12/24,6.7,10.0,4.7
2006/12/25,5.2,10.0,1.5
2006/12/26,5.7,8.4,2.9
2006/12/27,11.9,17.7,7.6
2006/12/28,8.2,14.8,4.1
2006/12/29,3.1,6.3,-0.4
2006/12/30,3.4,8.2,-1.5
2006/12/31,4.0,8.8,0.4
2007/1/1,2.7,8.3,-1.8
2007/1/2,6.7,12.6,1.7
2007/1/3,7.4,11.6,4.6
2007/1/4,5.3,10.6,0.8
2007/1/5,4.0,9.1,-0.2
2007/1/6,3.4,5.8,1.4
2007/1/7,5.5,8.9,2.9
2007/1/8,4.2,10.1,-0.8
2007/1/9,2.9,8.1,-2.0
2007/1/10,4.2,11.7,-1.1
2007/1/11,4.0,9.7,0.2
2007/1/12,2.6,7.4,-1.0
2007/1/13,3.7,8.8,-0.1
2007/1/14,2.9,8.9,-2.7
2007/1/15,4.3,10.7,-0.9
2007/1/16,5.1,10.5,0.4
2007/1/17,5.1,6.0,4.0
2007/1/18,6.0,10.5,1.0
2007/1/19,4.4,8.1,1.6
2007/1/20,2.6,7.2,-1.6
2007/1/21,4.2,8.9,-1.3
2007/1/22,5.7,13.1,1.0
2007/1/23,5.4,10.2,1.3
2007/1/24,4.8,12.1,-0.4
2007/1/25,5.1,10.4,0.9
2007/1/26,5.5,11.7,-0.4
2007/1/27,7.4,13.7,3.1
2007/1/28,6.3,11.7,1.5
2007/1/29,6.8,12.1,2.2
2007/1/30,5.8,11.9,0.5
2007/1/31,7.8,16.0,2.0
2007/2/1,4.8,12.1,0.1
2007/2/2,2.8,8.4,-1.6
2007/2/3,4.0,10.5,-2.0
2007/2/4,4.1,7.2,1.1
2007/2/5,4.6,11.9,-2.2
2007/2/6,9.4,18.8,2.3
2007/2/7,7.8,11.4,4.4
2007/2/8,7.8,15.1,1.9
2007/2/9,8.3,13.9,2.7
2007/2/10,8.3,13.2,4.6
2007/2/11,5.9,10.9,2.8
2007/2/12,6.0,13.4,-0.4
2007/2/13,7.1,14.2,0.8
2007/2/14,7.7,10.1,5.9
2007/2/15,6.9,11.7,2.2
2007/2/16,5.3,10.0,2.2
2007/2/17,4.8,9.7,-1.1
2007/2/18,6.3,13.3,3.8
2007/2/19,7.5,13.0,3.6
2007/2/20,5.3,9.4,2.0
2007/2/21,7.3,15.2,1.7
2007/2/22,8.0,13.6,1.9
2007/2/23,8.8,12.7,5.8
2007/2/24,3.8,7.9,0.4
2007/2/25,2.3,6.9,-2.9
2007/2/26,3.7,10.7,-2.3
2007/2/27,6.2,13.1,-0.6
2007/2/28,7.3,12.6,2.8
2007/3/1,7.1,13.1,2.6
2007/3/2,6.6,14.1,-0.5
2007/3/3,9.1,15.8,1.6
2007/3/4,13.4,20.0,7.5
2007/3/5,12.9,16.6,10.5
2007/3/6,10.4,16.1,3.0
2007/3/7,5.0,12.7,-0.6
2007/3/8,5.1,11.6,-0.4
2007/3/9,6.6,13.9,0.4
2007/3/10,7.7,11.5,2.3
2007/3/11,6.8,11.0,2.0
2007/3/12,4.8,10.6,0.3
2007/3/13,5.0,11.2,0.8
2007/3/14,4.8,9.9,0.4
2007/3/15,5.4,10.0,-0.4
2007/3/16,5.6,12.4,0.6
2007/3/17,4.8,10.5,0.8
2007/3/18,3.4,9.6,-0.6
2007/3/19,4.5,10.5,-0.8
2007/3/20,4.8,10.8,0.1
2007/3/21,6.7,15.4,-0.5
2007/3/22,8.5,14.5,2.4
2007/3/23,11.4,18.8,3.6
2007/3/24,10.0,13.8,5.0
2007/3/25,12.5,18.0,9.0
2007/3/26,12.9,20.1,7.3
2007/3/27,10.1,12.9,6.1
2007/3/28,13.7,20.4,7.3
2007/3/29,14.8,24.6,8.5
2007/3/30,10.6,17.0,5.7
2007/3/31,7.7,11.6,3.4
2007/4/1,15.3,21.1,7.0
2007/4/2,12.4,15.4,8.4
2007/4/3,8.3,10.9,4.7
2007/4/4,6.5,13.3,3.3
2007/4/5,7.1,12.7,1.2
2007/4/6,9.1,15.1,2.5
2007/4/7,11.7,18.7,5.8
2007/4/8,12.4,19.7,6.9
2007/4/9,11.7,18.2,7.6
2007/4/10,12.0,19.1,4.1
2007/4/11,10.6,16.6,7.8
2007/4/12,12.2,17.8,7.1
2007/4/13,14.2,19.9,8.4
2007/4/14,16.4,25.1,10.8
2007/4/15,14.9,21.0,10.1
2007/4/16,9.6,11.4,7.9
2007/4/17,8.6,9.8,6.9
2007/4/18,7.4,10.4,5.6
2007/4/19,9.5,14.7,4.9
2007/4/20,13.0,18.3,8.3
2007/4/21,17.2,24.2,9.6
2007/4/22,19.5,25.7,13.1
2007/4/23,15.5,18.6,10.8
2007/4/24,10.7,11.8,9.2
2007/4/25,12.3,16.1,10.0
2007/4/26,13.0,22.5,7.9
2007/4/27,12.5,19.0,4.3
2007/4/28,11.7,21.3,7.3
2007/4/29,15.6,25.8,4.9
2007/4/30,19.3,28.1,10.7
2007/5/1,14.7,16.2,13.4
2007/5/2,16.4,25.1,12.2
2007/5/3,18.0,25.7,9.8
2007/5/4,20.5,28.4,12.4
2007/5/5,21.9,29.4,13.5
2007/5/6,16.7,20.0,15.1
2007/5/7,19.8,26.7,14.5
2007/5/8,20.0,26.7,12.0
2007/5/9,22.8,29.3,16.3
2007/5/10,17.6,25.6,12.6
2007/5/11,15.6,20.0,12.3
2007/5/12,18.6,24.8,9.3
2007/5/13,19.2,25.9,14.3
2007/5/14,18.1,25.0,10.8
2007/5/15,17.5,23.1,13.3
2007/5/16,17.8,23.6,10.6
2007/5/17,15.9,19.8,13.7
2007/5/18,21.2,28.7,11.7
2007/5/19,17.3,24.4,13.4
2007/5/20,15.9,20.7,12.1
2007/5/21,16.8,23.6,8.5
2007/5/22,20.7,27.6,14.0
2007/5/23,23.6,30.9,15.5
2007/5/24,22.9,28.4,17.6
2007/5/25,16.9,19.3,16.1
2007/5/26,22.0,29.9,13.4
2007/5/27,20.4,29.0,13.6
2007/5/28,17.0,23.2,11.8
2007/5/29,17.7,23.4,12.8
2007/5/30,17.7,23.9,14.5
2007/5/31,17.7,24.1,14.4
2007/6/1,19.1,23.4,15.2
2007/6/2,20.4,26.8,14.3
2007/6/3,21.1,25.9,17.9
2007/6/4,21.7,28.0,15.8
2007/6/5,21.9,26.1,18.6
2007/6/6,21.9,29.0,18.2
2007/6/7,21.4,28.4,16.4
2007/6/8,20.2,27.3,15.9
2007/6/9,19.2,22.8,17.1
2007/6/10,17.7,21.8,15.9
2007/6/11,21.8,27.0,15.2
2007/6/12,24.5,31.1,18.6
2007/6/13,24.4,30.4,18.9
2007/6/14,20.3,24.5,16.8
2007/6/15,22.5,29.2,16.5
2007/6/16,23.9,29.5,18.3
2007/6/17,21.7,28.5,14.2
2007/6/18,24.1,29.1,19.3
2007/6/19,26.1,31.3,20.0
2007/6/20,26.7,32.3,21.9
2007/6/21,25.3,30.0,21.7
2007/6/22,21.4,23.5,18.9
2007/6/23,25.0,32.8,17.9
2007/6/24,21.0,24.2,18.6
2007/6/25,20.9,23.3,17.8
2007/6/26,24.1,27.7,20.6
2007/6/27,26.5,32.0,21.2
2007/6/28,26.5,30.5,22.2
2007/6/29,25.6,28.3,23.2
2007/6/30,25.3,31.7,21.0
2007/7/1,24.0,29.2,20.0
2007/7/2,22.4,24.5,21.0
2007/7/3,24.6,30.7,21.4
2007/7/4,20.4,21.6,19.1
2007/7/5,24.3,30.0,19.1
2007/7/6,24.5,30.4,18.8
2007/7/7,23.6,27.2,20.9
2007/7/8,23.1,27.2,20.7
2007/7/9,21.9,24.5,18.3
2007/7/10,21.6,22.8,20.5
2007/7/11,22.8,25.1,20.2
2007/7/12,24.2,26.8,21.6
2007/7/13,23.6,26.5,21.6
2007/7/14,20.7,21.7,20.2
2007/7/15,22.7,26.8,19.9
2007/7/16,24.0,30.9,19.4
2007/7/17,19.3,20.5,17.8
2007/7/18,19.9,22.4,18.0
2007/7/19,21.0,23.7,18.4
2007/7/20,21.4,24.2,18.6
2007/7/21,23.2,26.4,20.4
2007/7/22,25.7,30.2,22.3
2007/7/23,24.6,27.7,20.9
2007/7/24,25.7,32.4,18.4
2007/7/25,25.4,29.3,21.3
2007/7/26,26.0,30.1,23.3
2007/7/27,28.0,34.6,21.9
2007/7/28,28.1,33.5,22.7
2007/7/29,25.9,32.8,21.6
2007/7/30,21.2,22.3,19.6
2007/7/31,23.5,28.1,19.6
2007/8/1,26.1,30.8,20.8
2007/8/2,27.7,33.1,22.4
2007/8/3,28.9,33.4,26.1
2007/8/4,28.0,32.8,23.7
2007/8/5,27.6,35.5,23.1
2007/8/6,27.5,35.0,21.5
2007/8/7,27.9,34.0,22.3
2007/8/8,28.4,33.7,24.6
2007/8/9,29.8,35.5,24.2
2007/8/10,31.0,37.1,25.6
2007/8/11,31.1,37.2,25.6
2007/8/12,29.0,34.3,25.1
2007/8/13,29.1,34.1,23.3
2007/8/14,30.4,35.5,25.7
2007/8/15,32.2,38.8,26.3
2007/8/16,31.9,38.1,27.2
2007/8/17,30.5,36.6,25.9
2007/8/18,24.1,25.9,22.6
2007/8/19,27.2,35.0,23.2
2007/8/20,28.3,35.6,22.4
2007/8/21,29.1,35.7,23.2
2007/8/22,29.1,38.5,22.1
2007/8/23,24.7,29.9,21.1
2007/8/24,26.8,32.0,22.5
2007/8/25,27.9,34.0,23.4
2007/8/26,28.7,34.8,23.3
2007/8/27,29.1,34.8,23.3
2007/8/28,27.9,30.7,24.6
2007/8/29,23.5,25.9,20.6
2007/8/30,22.5,25.6,20.5
2007/8/31,21.6,23.7,19.8
2007/9/1,21.1,22.7,19.0
2007/9/2,21.7,24.2,18.9
2007/9/3,23.0,26.5,20.4
2007/9/4,26.2,32.4,19.7
2007/9/5,25.7,29.5,24.1
2007/9/6,26.8,30.4,25.0
2007/9/7,26.4,31.0,23.2
2007/9/8,27.8,32.8,22.8
2007/9/9,27.5,31.8,24.2
2007/9/10,25.6,28.4,22.4
2007/9/11,22.2,25.0,20.8
2007/9/12,21.9,26.7,19.4
2007/9/13,22.8,29.1,18.4
2007/9/14,24.8,30.3,19.2
2007/9/15,26.7,30.8,23.8
2007/9/16,28.0,32.7,24.2
2007/9/17,28.9,34.7,23.8
2007/9/18,25.9,30.2,20.5
2007/9/19,22.7,26.5,19.5
2007/9/20,27.0,32.3,22.3
2007/9/21,26.5,32.6,21.5
2007/9/22,27.1,34.1,21.6
2007/9/23,21.3,23.1,19.7
2007/9/24,19.9,22.2,18.7
2007/9/25,23.0,31.0,17.2
2007/9/26,20.9,26.2,14.8
2007/9/27,21.9,24.6,19.3
2007/9/28,24.3,32.1,19.4
2007/9/29,17.7,21.6,16.1
2007/9/30,16.3,17.4,15.1
2007/10/1,16.9,18.9,15.5
2007/10/2,19.0,23.1,16.1
2007/10/3,18.9,21.4,17.1
2007/10/4,20.7,25.3,16.5
2007/10/5,21.1,27.3,16.3
2007/10/6,18.1,25.3,13.1
2007/10/7,17.8,23.4,12.9
2007/10/8,19.2,24.1,15.4
2007/10/9,18.6,23.5,13.4
2007/10/10,17.7,23.3,11.8
2007/10/11,19.8,24.1,15.8
2007/10/12,19.3,24.3,15.3
2007/10/13,17.3,22.4,12.5
2007/10/14,17.3,20.8,13.6
2007/10/15,17.2,22.1,13.8
2007/10/16,14.1,15.9,12.9
2007/10/17,16.6,22.9,12.4
2007/10/18,16.0,21.0,11.2
2007/10/19,14.8,17.1,12.8
2007/10/20,15.9,21.7,11.1
2007/10/21,14.7,21.2,8.9
2007/10/22,14.7,21.2,8.8
2007/10/23,15.6,21.9,11.3
2007/10/24,14.0,20.3,8.1
2007/10/25,15.1,20.5,9.5
2007/10/26,15.5,17.5,14.0
2007/10/27,15.3,17.8,12.7
2007/10/28,17.2,23.4,11.7
2007/10/29,17.0,22.0,12.5
2007/10/30,17.3,20.5,14.2
2007/10/31,16.4,20.7,12.2
2007/11/1,16.5,19.8,13.4
2007/11/2,14.9,16.3,12.5
2007/11/3,13.2,18.7,10.0
2007/11/4,14.4,20.1,8.8
2007/11/5,14.1,16.9,11.3
2007/11/6,15.0,18.3,12.4
2007/11/7,14.3,20.7,9.7
2007/11/8,12.4,18.4,6.7
2007/11/9,13.9,19.4,8.5
2007/11/10,12.0,13.1,11.4
2007/11/11,12.8,16.4,9.1
2007/11/12,12.6,19.2,6.7
2007/11/13,14.0,19.6,9.3
2007/11/14,12.8,18.3,7.7
2007/11/15,14.1,22.7,8.9
2007/11/16,9.5,14.0,4.5
2007/11/17,7.0,12.8,2.8
2007/11/18,8.6,18.4,4.4
2007/11/19,5.4,9.8,2.0
2007/11/20,8.0,14.3,2.3
2007/11/21,8.4,13.8,4.2
2007/11/22,5.6,10.5,2.4
2007/11/23,5.8,10.4,1.8
2007/11/24,6.5,12.8,0.8
2007/11/25,10.0,16.5,4.9
2007/11/26,10.3,16.8,4.4
2007/11/27,11.4,13.3,9.9
2007/11/28,10.3,14.6,8.3
2007/11/29,8.0,9.0,7.2
2007/11/30,8.8,11.6,6.1
2007/12/1,9.7,15.0,5.4
2007/12/2,9.4,16.3,4.2
2007/12/3,8.7,14.0,4.1
2007/12/4,6.3,11.2,2.7
2007/12/5,5.4,12.3,0.1
2007/12/6,6.9,14.5,0.3
2007/12/7,9.1,17.2,3.3
2007/12/8,9.6,13.8,5.6
2007/12/9,7.1,11.5,4.1
2007/12/10,6.7,12.9,1.6
2007/12/11,6.8,11.2,3.0
2007/12/12,9.9,17.0,3.4
2007/12/13,8.1,9.2,6.9
2007/12/14,7.0,11.3,3.5
2007/12/15,5.5,12.2,1.7
2007/12/16,4.1,8.7,1.1
2007/12/17,3.9,9.5,-0.5
2007/12/18,5.0,10.1,0.6
2007/12/19,5.2,10.4,0.7
2007/12/20,5.5,12.7,0.8
2007/12/21,6.1,11.6,1.9
2007/12/22,5.2,8.0,3.0
2007/12/23,6.6,12.3,2.0
2007/12/24,6.8,10.4,2.8
2007/12/25,4.5,8.3,1.5
2007/12/26,3.7,8.6,-0.4
2007/12/27,3.8,8.8,-0.6
2007/12/28,5.4,9.8,1.3
2007/12/29,10.5,17.6,5.6
2007/12/30,5.8,10.4,0.8
2007/12/31,3.2,7.9,-0.6
2008/1/1,2.6,7.9,-1.1
2008/1/2,2.9,8.9,-2.2
2008/1/3,4.7,10.7,-0.6
2008/1/4,4.0,8.8,0.1
2008/1/5,3.6,8.7,0.4
2008/1/6,6.8,14.5,0.3
2008/1/7,6.6,10.1,3.5
2008/1/8,8.0,15.4,1.8
2008/1/9,8.1,14.8,3.9
2008/1/10,5.5,9.9,2.6
2008/1/11,6.4,11.8,1.1
2008/1/12,4.8,6.8,2.5
2008/1/13,2.2,6.1,0.0
2008/1/14,2.2,6.8,-1.3
2008/1/15,3.1,8.6,-0.9
2008/1/16,3.6,9.3,-0.2
2008/1/17,1.8,5.4,0.2
2008/1/18,1.9,6.6,-1.1
2008/1/19,1.5,6.5,-2.8
2008/1/20,2.9,7.7,-2.5
2008/1/21,4.1,7.1,2.0
2008/1/22,1.9,6.5,-2.7
2008/1/23,1.5,2.8,-0.1
2008/1/24,2.8,6.2,-0.5
2008/1/25,1.3,5.7,-0.9
2008/1/26,1.1,7.4,-3.4
2008/1/27,0.8,6.2,-4.1
2008/1/28,2.1,7.0,-3.4
2008/1/29,3.3,6.6,1.8
2008/1/30,6.1,11.6,2.1
2008/1/31,2.9,7.7,-0.7
2008/2/1,1.3,6.2,-3.0
2008/2/2,2.2,6.6,-2.5
2008/2/3,1.1,3.3,-0.2
2008/2/4,2.9,9.8,-2.4
2008/2/5,3.0,9.7,-1.2
2008/2/6,2.3,6.4,-0.4
2008/2/7,3.1,8.3,-0.4
2008/2/8,2.0,8.2,-3.1
2008/2/9,0.5,6.6,-3.7
2008/2/10,4.2,9.3,1.0
2008/2/11,3.3,8.4,-1.3
2008/2/12,4.7,7.8,0.1
2008/2/13,0.5,3.6,-1.9
2008/2/14,2.6,8.6,-1.6
2008/2/15,2.8,8.2,-2.1
2008/2/16,2.4,7.0,-1.6
2008/2/17,1.1,6.0,-1.6
2008/2/18,2.5,8.8,-2.9
2008/2/19,3.0,9.8,-2.6
2008/2/20,5.1,12.3,-1.3
2008/2/21,5.2,10.3,1.9
2008/2/22,6.2,13.4,-0.4
2008/2/23,3.7,12.8,-2.0
2008/2/24,0.3,4.3,-3.9
2008/2/25,1.4,6.5,-2.9
2008/2/26,4.2,10.6,-1.6
2008/2/27,3.3,7.3,-0.7
2008/2/28,3.6,8.5,-1.1
2008/2/29,5.7,12.7,-0.8
2008/3/1,5.4,12.4,2.0
2008/3/2,6.6,12.7,1.4
2008/3/3,7.1,14.4,2.2
2008/3/4,5.3,10.8,0.7
2008/3/5,3.5,9.0,0.4
2008/3/6,4.2,10.4,-2.1
2008/3/7,5.5,13.1,1.2
2008/3/8,5.5,11.6,-1.0
2008/3/9,8.0,15.6,0.4
2008/3/10,7.5,12.9,3.8
2008/3/11,10.7,18.8,3.4
2008/3/12,8.9,13.2,5.6
2008/3/13,8.9,13.7,5.2
2008/3/14,10.5,13.4,7.8
2008/3/15,13.9,21.6,8.8
2008/3/16,13.0,17.7,9.3
2008/3/17,12.5,18.5,8.2
2008/3/18,12.0,17.0,9.2
2008/3/19,10.3,13.0,8.3
2008/3/20,7.9,9.4,6.7
2008/3/21,11.5,18.3,6.0
2008/3/22,11.3,19.0,3.6
2008/3/23,11.6,19.0,3.7
2008/3/24,9.1,12.9,6.9
2008/3/25,10.6,17.4,2.7
2008/3/26,12.1,17.6,8.3
2008/3/27,11.1,16.0,5.1
2008/3/28,10.7,17.3,6.7
2008/3/29,9.1,14.6,5.0
2008/3/30,8.2,13.6,4.2
2008/3/31,7.1,12.0,4.4
2008/4/1,7.6,13.0,3.6
2008/4/2,10.8,16.7,6.3
2008/4/3,11.2,18.8,5.6
2008/4/4,12.4,20.1,4.9
2008/4/5,12.9,20.0,4.8
2008/4/6,13.5,21.9,4.8
2008/4/7,11.8,17.3,7.1
2008/4/8,11.2,13.9,9.7
2008/4/9,12.6,18.4,6.6
2008/4/10,9.3,11.1,8.4
2008/4/11,13.7,20.6,8.5
2008/4/12,13.9,20.9,7.1
2008/4/13,9.8,12.2,8.2
2008/4/14,13.6,21.3,8.6
2008/4/15,15.5,22.5,7.4
2008/4/16,15.9,20.7,9.7
2008/4/17,14.3,17.6,11.6
2008/4/18,13.1,16.1,11.4
2008/4/19,15.0,20.8,11.8
2008/4/20,15.3,19.9,10.6
2008/4/21,17.4,23.8,11.5
2008/4/22,16.0,24.1,10.4
2008/4/23,15.8,22.2,8.5
2008/4/24,14.7,18.5,11.1
2008/4/25,15.2,19.8,11.9
2008/4/26,10.5,13.0,8.6
2008/4/27,14.0,20.7,8.7
2008/4/28,15.1,21.2,10.3
2008/4/29,16.4,22.1,11.4
2008/4/30,20.0,27.2,12.8
2008/5/1,19.6,24.9,14.0
2008/5/2,19.6,23.4,17.0
2008/5/3,20.4,25.4,16.5
2008/5/4,21.3,26.7,17.1
2008/5/5,17.1,19.2,15.9
2008/5/6,18.4,26.5,11.9
2008/5/7,21.4,30.5,12.3
2008/5/8,19.4,24.8,15.6
2008/5/9,19.0,24.8,15.2
2008/5/10,12.2,15.5,9.6
2008/5/11,10.8,13.4,9.1
2008/5/12,11.1,15.2,7.4
2008/5/13,12.2,16.8,8.7
2008/5/14,12.3,16.6,9.9
2008/5/15,17.1,24.4,8.8
2008/5/16,18.8,24.2,13.4
2008/5/17,18.3,24.7,13.7
2008/5/18,18.0,22.4,14.1
2008/5/19,19.3,24.6,16.3
2008/5/20,18.0,25.5,14.6
2008/5/21,19.5,26.7,10.8
2008/5/22,21.2,27.2,14.2
2008/5/23,24.3,30.9,16.8
2008/5/24,20.7,26.0,16.9
2008/5/25,20.7,28.0,16.4
2008/5/26,23.3,30.2,16.8
2008/5/27,21.9,27.8,16.9
2008/5/28,19.6,26.8,14.5
2008/5/29,14.4,16.6,13.4
2008/5/30,14.2,15.6,12.5
2008/5/31,12.9,14.2,11.9
2008/6/1,19.2,25.8,10.8
2008/6/2,18.6,21.3,15.5
2008/6/3,14.8,17.0,14.2
2008/6/4,17.3,22.6,14.0
2008/6/5,16.6,17.8,15.2
2008/6/6,21.4,27.8,17.0
2008/6/7,21.8,26.6,16.1
2008/6/8,21.9,26.0,19.1
2008/6/9,20.6,26.1,17.4
2008/6/10,22.7,29.3,15.2
2008/6/11,23.4,28.9,17.9
2008/6/12,19.6,22.7,16.2
2008/6/13,21.1,27.4,14.2
2008/6/14,22.8,29.4,17.6
2008/6/15,20.9,26.4,15.7
2008/6/16,23.4,28.8,17.4
2008/6/17,22.9,29.1,17.6
2008/6/18,22.7,28.4,16.9
2008/6/19,22.8,26.3,19.3
2008/6/20,24.3,28.1,21.8
2008/6/21,23.9,28.8,21.2
2008/6/22,21.9,24.1,19.5
2008/6/23,21.0,23.2,19.4
2008/6/24,24.4,30.3,18.0
2008/6/25,20.9,23.4,17.2
2008/6/26,17.0,18.2,16.1
2008/6/27,21.3,25.8,16.2
2008/6/28,23.3,27.4,20.3
2008/6/29,19.9,21.4,19.5
2008/6/30,21.3,26.1,17.9
2008/7/1,22.5,27.5,17.7
2008/7/2,24.2,29.4,19.9
2008/7/3,23.9,27.7,20.0
2008/7/4,26.7,32.6,22.0
2008/7/5,28.0,34.3,22.8
2008/7/6,27.0,33.7,22.6
2008/7/7,23.1,25.3,21.3
2008/7/8,23.9,30.2,21.2
2008/7/9,22.5,25.3,20.2
2008/7/10,23.4,27.1,20.9
2008/7/11,25.1,30.5,22.3
2008/7/12,28.1,34.2,21.9
2008/7/13,26.7,33.7,22.8
2008/7/14,26.1,31.0,23.0
2008/7/15,27.3,33.6,22.7
2008/7/16,27.4,33.4,23.0
2008/7/17,29.1,33.3,24.8
2008/7/18,27.4,30.8,25.9
2008/7/19,29.3,35.8,24.0
2008/7/20,27.9,33.6,23.7
2008/7/21,26.1,29.0,23.2
2008/7/22,28.0,33.0,23.7
2008/7/23,29.1,35.0,24.7
2008/7/24,28.6,35.1,25.2
2008/7/25,27.7,35.1,24.6
2008/7/26,27.4,31.4,24.1
2008/7/27,25.1,29.6,21.8
2008/7/28,25.0,29.3,21.6
2008/7/29,27.0,33.5,23.1
2008/7/30,25.7,30.4,21.5
2008/7/31,26.2,31.3,22.6
2008/8/1,27.2,32.0,22.9
2008/8/2,28.7,33.5,25.2
2008/8/3,30.1,35.0,25.6
2008/8/4,28.9,35.2,25.4
2008/8/5,27.2,32.0,24.6
2008/8/6,27.4,31.7,24.0
2008/8/7,30.0,36.0,24.5
2008/8/8,30.9,36.8,25.9
2008/8/9,28.8,35.0,24.9
2008/8/10,26.4,30.3,23.5
2008/8/11,28.1,33.0,23.9
2008/8/12,28.5,32.9,25.6
2008/8/13,29.0,34.3,24.7
2008/8/14,27.6,35.4,23.1
2008/8/15,28.6,36.0,23.8
2008/8/16,26.8,34.6,23.4
2008/8/17,22.3,24.4,20.4
2008/8/18,23.4,28.2,19.9
2008/8/19,25.0,29.2,22.8
2008/8/20,26.2,32.5,22.4
2008/8/21,25.1,30.6,21.8
2008/8/22,21.4,24.9,19.3
2008/8/23,18.4,19.4,17.1
2008/8/24,19.8,21.2,18.3
2008/8/25,21.4,22.4,20.3
2008/8/26,20.9,22.4,19.5
2008/8/27,23.3,27.1,19.4
2008/8/28,23.9,27.0,22.8
2008/8/29,24.9,30.7,21.7
2008/8/30,24.0,27.1,21.8
2008/8/31,26.0,31.9,21.9
2008/9/1,25.8,29.9,22.2
2008/9/2,26.8,31.4,23.6
2008/9/3,28.1,33.0,23.8
2008/9/4,26.1,31.0,23.3
2008/9/5,26.3,30.6,23.0
2008/9/6,26.2,30.6,22.1
2008/9/7,25.2,31.9,21.9
2008/9/8,24.8,31.0,19.0
2008/9/9,23.7,31.3,17.4
2008/9/10,22.7,28.6,17.0
2008/9/11,22.9,28.8,16.5
2008/9/12,26.3,33.5,20.0
2008/9/13,25.3,30.5,21.0
2008/9/14,24.7,30.8,20.6
2008/9/15,23.0,25.6,20.6
2008/9/16,23.4,28.9,19.7
2008/9/17,24.9,29.7,20.0
2008/9/18,22.4,23.4,21.2
2008/9/19,22.3,25.4,20.6
2008/9/20,24.7,31.3,20.5
2008/9/21,21.4,23.6,20.1
2008/9/22,19.9,23.0,18.4
2008/9/23,22.5,28.5,16.9
2008/9/24,21.6,26.0,17.2
2008/9/25,20.5,24.8,16.7
2008/9/26,21.2,24.5,16.1
2008/9/27,16.9,21.5,13.5
2008/9/28,15.4,19.0,11.2
2008/9/29,15.3,16.3,14.4
2008/9/30,17.4,20.3,15.1
2008/10/1,18.6,23.7,15.2
2008/10/2,18.4,24.8,11.7
2008/10/3,17.7,22.5,13.3
2008/10/4,19.7,25.7,14.6
2008/10/5,18.9,24.2,15.2
2008/10/6,18.3,23.4,15.1
2008/10/7,20.5,24.7,16.5
2008/10/8,18.7,22.9,17.1
2008/10/9,20.2,25.3,16.9
2008/10/10,20.8,26.2,15.6
2008/10/11,19.9,27.0,15.4
2008/10/12,16.7,22.3,12.8
2008/10/13,17.3,23.1,12.0
2008/10/14,16.5,18.2,15.2
2008/10/15,18.7,25.5,13.8
2008/10/16,16.7,23.9,11.0
2008/10/17,17.4,23.3,12.1
2008/10/18,17.8,24.0,13.0
2008/10/19,18.0,23.7,13.4
2008/10/20,18.7,25.4,14.5
2008/10/21,17.7,24.4,11.8
2008/10/22,17.9,22.6,12.9
2008/10/23,18.1,21.0,16.3
2008/10/24,19.1,20.9,17.5
2008/10/25,18.6,20.4,16.7
2008/10/26,16.8,19.3,15.0
2008/10/27,16.2,21.5,12.1
2008/10/28,14.9,21.4,9.4
2008/10/29,14.3,22.0,10.3
2008/10/30,12.4,17.8,8.5
2008/10/31,11.0,14.6,8.4
2008/11/1,13.3,19.7,8.3
2008/11/2,13.6,20.6,7.5
2008/11/3,14.7,18.9,11.7
2008/11/4,12.7,16.8,8.5
2008/11/5,10.9,17.2,5.6
2008/11/6,12.9,19.2,7.6
2008/11/7,14.7,24.3,10.7
2008/11/8,11.7,14.2,9.8
2008/11/9,10.1,12.3,8.7
2008/11/10,10.3,14.7,7.6
2008/11/11,9.6,13.0,5.9
2008/11/12,10.2,12.3,8.0
2008/11/13,13.1,19.8,8.6
2008/11/14,12.2,19.2,6.3
2008/11/15,12.7,16.4,8.9
2008/11/16,13.3,15.9,11.0
2008/11/17,13.9,19.1,10.4
2008/11/18,12.2,17.3,8.3
2008/11/19,7.4,14.2,2.5
2008/11/20,6.2,13.3,1.5
2008/11/21,8.2,15.7,1.9
2008/11/22,8.0,12.8,4.5
2008/11/23,9.4,18.7,3.6
2008/11/24,6.9,10.7,3.6
2008/11/25,8.9,15.1,4.0
2008/11/26,8.9,14.6,4.8
2008/11/27,7.9,10.3,5.9
2008/11/28,9.6,14.4,6.5
2008/11/29,9.7,14.2,4.7
2008/11/30,8.8,13.1,5.0
2008/12/1,6.2,11.2,1.8
2008/12/2,7.0,11.3,2.9
2008/12/3,10.6,18.1,4.7
2008/12/4,9.7,15.0,4.7
2008/12/5,9.7,13.4,7.3
2008/12/6,6.9,11.9,1.1
2008/12/7,3.8,10.4,-1.1
2008/12/8,5.3,10.9,0.2
2008/12/9,8.1,13.9,3.5
2008/12/10,11.6,17.5,7.4
2008/12/11,9.7,15.7,5.1
2008/12/12,10.9,17.5,6.1
2008/12/13,7.6,11.5,5.3
2008/12/14,5.5,8.3,1.7
2008/12/15,4.1,9.1,-0.3
2008/12/16,5.9,11.5,1.3
2008/12/17,7.2,8.5,5.5
2008/12/18,9.4,16.7,5.2
2008/12/19,7.0,12.3,3.0
2008/12/20,6.8,13.3,2.2
2008/12/21,8.5,15.5,2.0
2008/12/22,9.9,17.6,3.4
2008/12/23,4.0,8.3,0.0
2008/12/24,4.4,9.6,0.0
2008/12/25,6.6,12.5,1.4
2008/12/26,1.7,5.1,-1.6
2008/12/27,2.7,7.7,-2.1
2008/12/28,5.0,10.5,-0.2
2008/12/29,8.3,14.6,4.1
2008/12/30,7.4,14.3,2.6
2008/12/31,3.8,8.2,1.6
2009/1/1,3.6,8.8,0.1
2009/1/2,3.5,9.8,-1.6
2009/1/3,4.4,9.3,-0.4
2009/1/4,5.0,10.1,0.7
2009/1/5,5.6,11.2,0.4
2009/1/6,4.9,10.2,0.7
2009/1/7,3.9,10.0,-0.3
2009/1/8,3.2,8.5,-1.1
2009/1/9,2.2,4.0,0.4
2009/1/10,3.6,7.6,0.3
2009/1/11,2.5,7.4,-1.2
2009/1/12,1.3,8.5,-2.0
2009/1/13,1.0,8.6,-3.1
2009/1/14,2.5,8.5,-1.6
2009/1/15,1.5,5.4,-2.0
2009/1/16,1.8,9.2,-4.4
2009/1/17,3.4,9.1,-1.6
2009/1/18,3.2,7.4,-0.9
2009/1/19,6.5,14.0,2.7
2009/1/20,5.0,10.3,0.4
2009/1/21,4.5,9.1,0.7
2009/1/22,4.7,6.7,2.6
2009/1/23,9.7,16.9,5.1
2009/1/24,4.4,8.3,-0.7
2009/1/25,2.1,8.7,-2.7
2009/1/26,3.6,10.9,-1.4
2009/1/27,5.3,11.6,0.9
2009/1/28,4.6,7.5,1.8
2009/1/29,7.1,12.1,1.1
2009/1/30,8.5,9.9,6.8
2009/1/31,8.8,12.8,6.6
2009/2/1,5.5,8.8,2.6
2009/2/2,5.0,10.7,1.1
2009/2/3,6.7,13.9,0.8
2009/2/4,4.9,10.2,0.5
2009/2/5,4.1,9.1,0.2
2009/2/6,5.3,9.5,1.1
2009/2/7,4.6,9.9,-0.5
2009/2/8,5.3,9.0,1.4
2009/2/9,3.7,8.1,-0.8
2009/2/10,6.2,13.7,1.3
2009/2/11,4.6,9.1,-0.1
2009/2/12,7.7,13.9,3.1
2009/2/13,7.5,11.9,2.2
2009/2/14,12.4,20.4,8.4
2009/2/15,9.9,16.5,3.4
2009/2/16,6.1,11.8,0.2
2009/2/17,1.7,7.0,-2.0
2009/2/18,2.9,9.1,-3.6
2009/2/19,3.7,7.8,-0.4
2009/2/20,5.2,13.8,0.0
2009/2/21,3.2,7.3,0.4
2009/2/22,4.8,10.8,-2.1
2009/2/23,6.4,10.9,2.6
2009/2/24,3.7,4.8,1.7
2009/2/25,7.9,16.4,1.4
2009/2/26,6.2,8.9,4.4
2009/2/27,3.1,4.4,2.4
2009/2/28,5.7,10.6,0.3
2009/3/1,6.8,11.2,4.1
2009/3/2,4.0,7.7,0.7
2009/3/3,1.9,5.3,0.1
2009/3/4,5.7,11.5,0.9
2009/3/5,7.1,12.2,0.7
2009/3/6,6.8,10.5,4.4
2009/3/7,8.1,11.5,6.1
2009/3/8,7.5,12.4,3.0
2009/3/9,8.4,12.2,5.0
2009/3/10,9.1,16.8,3.4
2009/3/11,5.0,10.8,1.4
2009/3/12,4.9,10.4,0.3
2009/3/13,5.8,9.6,1.5
2009/3/14,7.0,10.4,3.6
2009/3/15,7.6,13.6,1.2
2009/3/16,8.9,15.5,2.6
2009/3/17,10.1,16.8,4.4
2009/3/18,12.0,19.5,4.5
2009/3/19,15.3,22.9,7.1
2009/3/20,11.3,17.9,5.6
2009/3/21,10.8,16.8,5.4
2009/3/22,10.4,13.7,6.5
2009/3/23,9.3,14.0,4.5
2009/3/24,7.7,13.2,3.3
2009/3/25,6.2,8.7,3.8
2009/3/26,5.3,11.9,1.9
2009/3/27,5.2,11.6,0.9
2009/3/28,5.0,10.0,1.0
2009/3/29,6.0,11.0,2.0
2009/3/30,7.8,14.9,2.6
2009/3/31,9.8,14.3,6.2
2009/4/1,8.5,11.6,5.1
2009/4/2,7.3,12.2,3.9
2009/4/3,10.1,18.4,1.0
2009/4/4,10.1,14.7,5.8
2009/4/5,12.7,18.2,8.6
2009/4/6,13.4,20.7,5.6
2009/4/7,15.2,22.7,7.5
2009/4/8,15.0,22.1,8.3
2009/4/9,16.9,25.6,8.0
2009/4/10,17.9,26.8,9.9
2009/4/11,18.6,28.3,11.3
2009/4/12,16.0,21.8,9.7
2009/4/13,19.5,26.4,12.6
2009/4/14,16.4,21.0,13.7
2009/4/15,16.6,20.9,12.1
2009/4/16,16.6,24.4,10.9
2009/4/17,11.8,12.9,10.6
2009/4/18,14.7,20.4,10.7
2009/4/19,16.8,24.2,10.9
2009/4/20,13.4,15.8,9.6
2009/4/21,15.4,17.0,13.7
2009/4/22,18.3,24.9,13.2
2009/4/23,13.6,18.1,9.7
2009/4/24,11.6,17.6,6.6
2009/4/25,9.9,10.6,9.3
2009/4/26,13.8,21.0,9.6
2009/4/27,11.5,16.2,7.6
2009/4/28,12.1,19.3,5.9
2009/4/29,13.9,22.6,5.2
2009/4/30,16.8,24.9,8.4
2009/5/1,19.3,27.8,11.6
2009/5/2,20.1,26.7,12.5
2009/5/3,19.2,23.6,14.2
2009/5/4,19.1,23.2,15.5
2009/5/5,17.0,20.5,14.6
2009/5/6,15.3,17.5,14.2
2009/5/7,16.2,19.2,14.1
2009/5/8,17.6,21.4,14.9
2009/5/9,20.8,27.8,13.4
2009/5/10,24.1,31.4,16.3
2009/5/11,22.0,27.0,17.9
2009/5/12,20.7,24.0,16.9
2009/5/13,19.1,24.2,12.9
2009/5/14,14.6,25.3,8.1
2009/5/15,16.1,22.1,9.8
2009/5/16,15.2,17.3,12.8
2009/5/17,15.8,18.5,13.4
2009/5/18,22.1,28.7,16.2
2009/5/19,21.6,28.4,15.6
2009/5/20,23.5,32.6,14.7
2009/5/21,23.6,30.5,16.7
2009/5/22,22.1,26.2,18.5
2009/5/23,22.6,27.7,17.7
2009/5/24,18.4,22.0,15.7
2009/5/25,20.0,25.9,14.8
2009/5/26,21.1,27.3,13.9
2009/5/27,20.2,23.4,17.4
2009/5/28,18.2,20.3,15.0
2009/5/29,17.1,20.0,14.8
2009/5/30,19.2,23.4,16.6
2009/5/31,18.3,21.1,14.8
2009/6/1,19.0,25.7,13.0
2009/6/2,20.5,28.2,12.1
2009/6/3,20.1,23.1,17.2
2009/6/4,20.5,24.8,16.5
2009/6/5,19.6,21.5,18.3
2009/6/6,21.4,26.4,17.5
2009/6/7,23.6,29.3,18.9
2009/6/8,19.4,22.6,17.3
2009/6/9,21.2,25.7,15.7
2009/6/10,21.7,24.0,19.2
2009/6/11,20.9,27.1,16.7
2009/6/12,21.9,28.1,15.0
2009/6/13,22.8,28.0,18.0
2009/6/14,21.2,26.8,18.1
2009/6/15,20.3,25.5,17.2
2009/6/16,18.7,21.6,17.1
2009/6/17,20.7,26.6,16.1
2009/6/18,19.1,22.4,17.1
2009/6/19,22.3,28.2,16.7
2009/6/20,21.5,25.8,17.4
2009/6/21,22.8,26.3,20.3
2009/6/22,22.5,24.2,21.9
2009/6/23,26.8,33.8,21.3
2009/6/24,24.2,30.4,20.2
2009/6/25,24.9,30.1,20.1
2009/6/26,27.2,34.4,20.7
2009/6/27,28.0,34.3,21.3
2009/6/28,24.3,28.0,21.2
2009/6/29,26.0,32.7,20.2
2009/6/30,23.2,26.6,20.2
2009/7/1,21.6,23.9,19.6
2009/7/2,21.4,23.9,19.8
2009/7/3,21.0,23.3,19.0
2009/7/4,23.2,28.8,19.8
2009/7/5,24.2,28.3,20.0
2009/7/6,23.6,26.6,21.5
2009/7/7,26.7,31.8,21.4
2009/7/8,25.7,29.2,23.0
2009/7/9,25.7,28.2,22.9
2009/7/10,26.4,32.5,23.4
2009/7/11,24.7,28.8,21.6
2009/7/12,24.6,29.0,20.5
2009/7/13,27.0,36.5,22.2
2009/7/14,27.6,32.4,23.4
2009/7/15,29.8,37.6,23.2
2009/7/16,29.2,35.7,24.0
2009/7/17,26.1,30.6,22.4
2009/7/18,27.0,31.0,23.6
2009/7/19,28.5,34.1,24.2
2009/7/20,26.7,30.6,23.3
2009/7/21,22.2,23.5,20.6
2009/7/22,22.8,25.2,19.8
2009/7/23,24.3,27.3,22.0
2009/7/24,25.0,29.5,22.0
2009/7/25,27.6,32.5,23.7
2009/7/26,27.7,34.5,24.3
2009/7/27,25.3,29.0,23.5
2009/7/28,25.6,28.9,22.8
2009/7/29,26.3,30.4,22.7
2009/7/30,28.2,33.9,22.1
2009/7/31,22.7,25.0,21.2
2009/8/1,22.8,27.7,20.2
2009/8/2,22.6,24.1,21.3
2009/8/3,26.1,30.9,22.2
2009/8/4,27.6,32.1,23.9
2009/8/5,28.0,33.4,24.8
2009/8/6,27.2,30.5,25.1
2009/8/7,25.6,30.1,23.6
2009/8/8,25.9,30.3,23.0
2009/8/9,25.5,28.6,23.5
2009/8/10,25.0,26.9,24.3
2009/8/11,27.1,32.6,23.4
2009/8/12,27.5,32.4,24.0
2009/8/13,27.2,33.1,21.7
2009/8/14,29.4,34.6,25.5
2009/8/15,27.3,33.0,22.7
2009/8/16,27.7,34.5,22.9
2009/8/17,25.8,31.4,20.2
2009/8/18,26.1,30.3,23.2
2009/8/19,26.5,30.3,22.1
2009/8/20,26.7,31.0,23.3
2009/8/21,25.9,29.3,22.9
2009/8/22,27.4,33.3,23.4
2009/8/23,25.8,31.1,21.5
2009/8/24,24.6,30.8,19.8
2009/8/25,23.4,28.7,20.1
2009/8/26,23.4,28.6,20.4
2009/8/27,24.5,30.0,18.5
2009/8/28,26.8,31.7,22.4
2009/8/29,26.0,31.3,22.6
2009/8/30,22.9,26.9,19.5
2009/8/31,20.4,22.7,19.0
2009/9/1,25.4,31.7,19.5
2009/9/2,21.0,23.0,19.2
2009/9/3,21.0,22.7,19.3
2009/9/4,20.8,23.2,18.9
2009/9/5,24.4,30.1,19.2
2009/9/6,25.2,30.1,21.5
2009/9/7,25.1,30.6,20.6
2009/9/8,25.8,32.6,20.7
2009/9/9,23.1,29.0,17.8
2009/9/10,21.4,28.4,14.9
2009/9/11,22.3,29.2,16.5
2009/9/12,19.1,20.8,17.8
2009/9/13,22.4,28.7,17.5
2009/9/14,21.7,27.6,15.5
2009/9/15,21.1,24.3,18.6
2009/9/16,22.9,29.2,18.2
2009/9/17,20.7,26.5,14.8
2009/9/18,20.6,26.8,16.0
2009/9/19,21.2,27.0,17.0
2009/9/20,21.9,27.4,16.7
2009/9/21,19.6,23.9,15.8
2009/9/22,22.0,25.4,18.7
2009/9/23,22.4,26.5,19.7
2009/9/24,22.8,28.5,17.6
2009/9/25,23.1,29.6,17.2
2009/9/26,23.5,29.8,19.6
2009/9/27,20.8,23.0,18.8
2009/9/28,19.7,21.6,17.9
2009/9/29,20.9,25.5,18.6
2009/9/30,18.7,19.6,17.3
2009/10/1,19.2,22.3,16.4
2009/10/2,18.1,19.4,17.4
2009/10/3,20.9,25.7,17.6
2009/10/4,19.6,23.9,16.8
2009/10/5,17.9,21.0,15.6
2009/10/6,17.2,18.8,15.6
2009/10/7,16.6,18.5,15.4
2009/10/8,18.5,23.5,14.8
2009/10/9,17.5,22.4,13.4
2009/10/10,15.2,20.7,11.4
2009/10/11,15.0,21.2,9.6
2009/10/12,15.5,20.8,9.5
2009/10/13,18.5,25.5,13.1
2009/10/14,16.6,21.3,12.5
2009/10/15,16.6,22.0,11.8
2009/10/16,16.6,22.4,12.0
2009/10/17,15.7,18.7,13.0
2009/10/18,17.9,24.3,13.4
2009/10/19,17.1,23.5,11.5
2009/10/20,17.4,26.6,11.2
2009/10/21,16.9,24.0,10.5
2009/10/22,16.6,23.2,10.0
2009/10/23,16.4,21.1,13.5
2009/10/24,14.9,17.3,13.3
2009/10/25,13.5,14.3,12.7
2009/10/26,13.3,14.2,12.1
2009/10/27,16.5,22.5,11.1
2009/10/28,15.9,22.6,10.5
2009/10/29,16.2,22.1,10.8
2009/10/30,18.0,25.5,12.7
2009/10/31,16.4,21.4,11.9
2009/11/1,16.1,22.2,12.1
2009/11/2,11.0,14.8,5.7
2009/11/3,7.3,12.5,3.7
2009/11/4,8.7,14.9,2.9
2009/11/5,11.3,17.6,6.2
2009/11/6,13.9,21.2,8.0
2009/11/7,14.6,20.3,8.9
2009/11/8,14.7,20.6,10.8
2009/11/9,15.3,21.1,10.4
2009/11/10,16.0,20.8,11.5
2009/11/11,15.4,17.4,14.1
2009/11/12,11.7,15.2,9.6
2009/11/13,9.7,11.5,8.3
2009/11/14,13.8,19.5,9.8
2009/11/15,14.3,21.3,8.9
2009/11/16,11.5,15.9,8.3
2009/11/17,8.2,9.4,7.5
2009/11/18,9.0,13.2,4.1
2009/11/19,6.5,10.0,4.0
2009/11/20,9.5,14.8,4.0
2009/11/21,9.6,15.5,5.8
2009/11/22,5.8,7.9,1.9
2009/11/23,10.9,18.3,5.2
2009/11/24,10.4,13.8,5.5
2009/11/25,12.8,18.3,9.5
2009/11/26,13.4,19.1,8.9
2009/11/27,12.5,17.0,8.8
2009/11/28,11.7,16.6,5.2
2009/11/29,7.9,12.0,3.8
2009/11/30,9.1,13.1,5.8
2009/12/1,9.1,14.1,4.9
2009/12/2,9.3,15.3,4.9
2009/12/3,8.6,10.4,6.0
2009/12/4,9.5,14.4,6.0
2009/12/5,7.7,11.4,5.9
2009/12/6,9.9,17.1,5.2
2009/12/7,7.5,12.1,4.0
2009/12/8,6.8,13.2,1.9
2009/12/9,7.8,12.1,3.3
2009/12/10,9.6,13.6,5.5
2009/12/11,6.0,8.7,4.2
2009/12/12,11.7,18.6,6.4
2009/12/13,9.1,13.0,7.4
2009/12/14,6.5,10.3,2.6
2009/12/15,5.2,10.0,1.5
2009/12/16,4.6,8.9,1.5
2009/12/17,4.0,7.7,0.0
2009/12/18,3.6,8.5,0.5
2009/12/19,2.6,8.9,-1.6
2009/12/20,3.6,10.4,-1.1
2009/12/21,2.8,6.9,-0.2
2009/12/22,4.0,11.6,-2.4
2009/12/23,6.3,12.8,1.0
2009/12/24,7.6,12.3,3.5
2009/12/25,6.6,12.9,2.1
2009/12/26,8.0,12.9,3.9
2009/12/27,8.0,12.3,4.5
2009/12/28,7.7,14.8,3.3
2009/12/29,5.6,10.8,1.8
2009/12/30,4.8,8.7,2.4
2009/12/31,3.4,9.9,-0.9
